"Service","Name","Type","Value"
"VerduraCustomerWebsite","AppStdout","ExpandString","C:\Users\Posmate\Documents\verduraBridge\VerduraServerOps\customer-website-stdout.log"
"VerduraCustomerWebsite","AppStderr","ExpandString","C:\Users\Posmate\Documents\verduraBridge\VerduraServerOps\customer-website-stderr.log"
"VerduraWindowDisplay","AppStdout","ExpandString","C:\Users\Posmate\Documents\verduraBridge\VerduraServerOps\window-display-stdout.log"
"VerduraWindowDisplay","AppStderr","ExpandString","C:\Users\Posmate\Documents\verduraBridge\VerduraServerOps\window-display-stderr.log"
"VerduraKitchenDisplay","AppStdout","ExpandString","C:\Users\Posmate\Documents\verduraBridge\VerduraServerOps\kitchen-display-stdout.log"
"VerduraKitchenDisplay","AppStderr","ExpandString","C:\Users\Posmate\Documents\verduraBridge\VerduraServerOps\kitchen-display-stderr.log"
"VerduraOrderTablet","AppStdout","ExpandString","C:\Users\Posmate\Documents\verduraBridge\VerduraServerOps\tablet-stdout.log"
"VerduraOrderTablet","AppStderr","ExpandString","C:\Users\Posmate\Documents\verduraBridge\VerduraServerOps\tablet-stderr.log"
"VerduraAdminConsole","AppStdout","ExpandString","C:\Users\Posmate\Documents\verduraBridge\VerduraServerOps\admin-stdout.log"
"VerduraAdminConsole","AppStderr","ExpandString","C:\Users\Posmate\Documents\verduraBridge\VerduraServerOps\admin-stderr.log"
"VerduraAPI","AppStdout","ExpandString","C:\Users\Posmate\Documents\verduraBridge\VerduraServerOps\api-stdout.log"
"VerduraAPI","AppStderr","ExpandString","C:\Users\Posmate\Documents\verduraBridge\VerduraServerOps\api-stderr.log"
