"Service","Name","Path","Length","LastWrite"
"VerduraCustomerWebsite","AppStdout","C:\Users\Posmate\Documents\verduraBridge\VerduraServerOps\customer-website-stdout.log","525","02/09/2026 03:22:08"
"VerduraCustomerWebsite","AppStderr","C:\Users\Posmate\Documents\verduraBridge\VerduraServerOps\customer-website-stderr.log","4508","02/09/2026 03:22:08"
"VerduraWindowDisplay","AppStdout","C:\Users\Posmate\Documents\verduraBridge\VerduraServerOps\window-display-stdout.log","519","02/09/2026 03:22:12"
"VerduraWindowDisplay","AppStderr","C:\Users\Posmate\Documents\verduraBridge\VerduraServerOps\window-display-stderr.log","4508","02/09/2026 03:22:12"
"VerduraKitchenDisplay","AppStdout","C:\Users\Posmate\Documents\verduraBridge\VerduraServerOps\kitchen-display-stdout.log","528","02/09/2026 03:22:16"
"VerduraKitchenDisplay","AppStderr","C:\Users\Posmate\Documents\verduraBridge\VerduraServerOps\kitchen-display-stderr.log","4508","02/09/2026 03:22:16"
"VerduraOrderTablet","AppStdout","C:\Users\Posmate\Documents\verduraBridge\VerduraServerOps\tablet-stdout.log","2624","02/09/2026 03:22:20"
"VerduraOrderTablet","AppStderr","C:\Users\Posmate\Documents\verduraBridge\VerduraServerOps\tablet-stderr.log","4508","02/09/2026 03:22:20"
"VerduraAdminConsole","AppStdout","C:\Users\Posmate\Documents\verduraBridge\VerduraServerOps\admin-stdout.log","2534","02/09/2026 03:22:24"
"VerduraAdminConsole","AppStderr","C:\Users\Posmate\Documents\verduraBridge\VerduraServerOps\admin-stderr.log","4508","02/09/2026 03:22:23"
"VerduraAPI","AppStdout","C:\Users\Posmate\Documents\verduraBridge\VerduraServerOps\api-stdout.log","2296918","02/09/2026 03:21:56"
"VerduraAPI","AppStderr","C:\Users\Posmate\Documents\verduraBridge\VerduraServerOps\api-stderr.log","5937035","02/09/2026 14:18:22"
