"Service","Name","Kind","S0Value","LiveValue","Match"
"VerduraCustomerWebsite","AppStdout","ExpandString","C:\Users\Posmate\Documents\verduraBridge\VerduraServerOps\customer-website-stdout.log","C:\Users\Posmate\Documents\verduraBridge\VerduraServerOps\customer-website-stdout.log","True"
"VerduraCustomerWebsite","AppStderr","ExpandString","C:\Users\Posmate\Documents\verduraBridge\VerduraServerOps\customer-website-stderr.log","C:\Users\Posmate\Documents\verduraBridge\VerduraServerOps\customer-website-stderr.log","True"
"VerduraWindowDisplay","AppStdout","ExpandString","C:\Users\Posmate\Documents\verduraBridge\VerduraServerOps\window-display-stdout.log","C:\Users\Posmate\Documents\verduraBridge\VerduraServerOps\window-display-stdout.log","True"
"VerduraWindowDisplay","AppStderr","ExpandString","C:\Users\Posmate\Documents\verduraBridge\VerduraServerOps\window-display-stderr.log","C:\Users\Posmate\Documents\verduraBridge\VerduraServerOps\window-display-stderr.log","True"
"VerduraKitchenDisplay","AppStdout","ExpandString","C:\Users\Posmate\Documents\verduraBridge\VerduraServerOps\kitchen-display-stdout.log","C:\Users\Posmate\Documents\verduraBridge\VerduraServerOps\kitchen-display-stdout.log","True"
"VerduraKitchenDisplay","AppStderr","ExpandString","C:\Users\Posmate\Documents\verduraBridge\VerduraServerOps\kitchen-display-stderr.log","C:\Users\Posmate\Documents\verduraBridge\VerduraServerOps\kitchen-display-stderr.log","True"
"VerduraOrderTablet","AppStdout","ExpandString","C:\Users\Posmate\Documents\verduraBridge\VerduraServerOps\tablet-stdout.log","C:\Users\Posmate\Documents\verduraBridge\VerduraServerOps\tablet-stdout.log","True"
"VerduraOrderTablet","AppStderr","ExpandString","C:\Users\Posmate\Documents\verduraBridge\VerduraServerOps\tablet-stderr.log","C:\Users\Posmate\Documents\verduraBridge\VerduraServerOps\tablet-stderr.log","True"
"VerduraAdminConsole","AppStdout","ExpandString","C:\Users\Posmate\Documents\verduraBridge\VerduraServerOps\admin-stdout.log","C:\Users\Posmate\Documents\verduraBridge\VerduraServerOps\admin-stdout.log","True"
"VerduraAdminConsole","AppStderr","ExpandString","C:\Users\Posmate\Documents\verduraBridge\VerduraServerOps\admin-stderr.log","C:\Users\Posmate\Documents\verduraBridge\VerduraServerOps\admin-stderr.log","True"
"VerduraAPI","AppStdout","ExpandString","C:\Users\Posmate\Documents\verduraBridge\VerduraServerOps\api-stdout.log","C:\Users\Posmate\Documents\verduraBridge\VerduraServerOps\api-stdout.log","True"
"VerduraAPI","AppStderr","ExpandString","C:\Users\Posmate\Documents\verduraBridge\VerduraServerOps\api-stderr.log","C:\Users\Posmate\Documents\verduraBridge\VerduraServerOps\api-stderr.log","True"
