checksum_sha256,size_bytes,copy_count,duplicate_bytes_if_externalized,source_paths,proposed_purpose,disposition,proposed_bucket,proposed_object_key,delivery_url_method,upload_result,verification_result,local_file_disposition,rollback
ad00d6e8f2eda50a672ffcbcfcb018b383c3114f5121b85652c32eff7ddb19b0,122408,4,367224,apps/admin-console/public/menu-images/Baklava.jpg | apps/customer-website/public/menu-images/Baklava.jpg | apps/window-display/public/menu-images/Baklava.jpg | Asset/image/Baklava.jpg,menu_item,externalize,verdura-media-<project-suffix>,venues/10000000-0000-4000-8000-000000000001/menu-items/<media-id>/original/baklava.jpg,signed GET (private) via MediaAssetsService.getDeliveryUrl(),NOT EXECUTED — no GCP project access in this session,NOT EXECUTED,RETAINED — no local file deleted or moved this session,N/A — no destructive action taken; original file untouched in git
9c8247543d45fa0c7e9540f7dd9d40c1072b53827d80be12155906fdb2754c61,103374,3,206748,apps/admin-console/public/menu-images/arayes-cheese.jpg | apps/customer-website/public/menu-images/arayes-cheese.jpg | apps/window-display/public/menu-images/arayes-cheese.jpg,menu_item,externalize,verdura-media-<project-suffix>,venues/10000000-0000-4000-8000-000000000001/menu-items/<media-id>/original/arayes-cheese.jpg,signed GET (private) via MediaAssetsService.getDeliveryUrl(),NOT EXECUTED — no GCP project access in this session,NOT EXECUTED,RETAINED — no local file deleted or moved this session,N/A — no destructive action taken; original file untouched in git
b23437cdc4a70d07f64cfde9d1302a2d55fadec12763de5cd779673f420c35f3,142244,3,284488,apps/admin-console/public/menu-images/battata-harra.jpg | apps/customer-website/public/menu-images/battata-harra.jpg | apps/window-display/public/menu-images/battata-harra.jpg,menu_item,externalize,verdura-media-<project-suffix>,venues/10000000-0000-4000-8000-000000000001/menu-items/<media-id>/original/battata-harra.jpg,signed GET (private) via MediaAssetsService.getDeliveryUrl(),NOT EXECUTED — no GCP project access in this session,NOT EXECUTED,RETAINED — no local file deleted or moved this session,N/A — no destructive action taken; original file untouched in git
8925aa02137a67b394247f180593f0219266c129c32d3299f9c7b15073b32f00,1360906,3,2721812,apps/admin-console/public/menu-images/Chicken_Boreks.jpg | apps/customer-website/public/menu-images/Chicken_Boreks.jpg | apps/window-display/public/menu-images/Chicken_Boreks.jpg,menu_item,externalize,verdura-media-<project-suffix>,venues/10000000-0000-4000-8000-000000000001/menu-items/<media-id>/original/chicken-boreks.jpg,signed GET (private) via MediaAssetsService.getDeliveryUrl(),NOT EXECUTED — no GCP project access in this session,NOT EXECUTED,RETAINED — no local file deleted or moved this session,N/A — no destructive action taken; original file untouched in git
f4c95e061c8c6efabb867658c2cc5f3ba888b21b837cac7ece277032c788c3c0,134637,3,269274,apps/admin-console/public/menu-images/chicken-avocado-salad.jpg | apps/customer-website/public/menu-images/chicken-avocado-salad.jpg | apps/window-display/public/menu-images/chicken-avocado-salad.jpg,menu_item,externalize,verdura-media-<project-suffix>,venues/10000000-0000-4000-8000-000000000001/menu-items/<media-id>/original/chicken-avocado-salad.jpg,signed GET (private) via MediaAssetsService.getDeliveryUrl(),NOT EXECUTED — no GCP project access in this session,NOT EXECUTED,RETAINED — no local file deleted or moved this session,N/A — no destructive action taken; original file untouched in git
ebe4a1c6856f6d34fac4fb774d2ef5c6942db908a2053e9ecf4eb77df235c8f8,165883,3,331766,apps/admin-console/public/menu-images/chicken-ballista-pizza.jpg | apps/customer-website/public/menu-images/chicken-ballista-pizza.jpg | apps/window-display/public/menu-images/chicken-ballista-pizza.jpg,menu_item,externalize,verdura-media-<project-suffix>,venues/10000000-0000-4000-8000-000000000001/menu-items/<media-id>/original/chicken-ballista-pizza.jpg,signed GET (private) via MediaAssetsService.getDeliveryUrl(),NOT EXECUTED — no GCP project access in this session,NOT EXECUTED,RETAINED — no local file deleted or moved this session,N/A — no destructive action taken; original file untouched in git
5a99ed506fe99d09342af95c6494e2d2809b35c3abffafaa643aa086e6fdba0b,154849,3,309698,apps/admin-console/public/menu-images/crispy-dynamite-prawns.jpg | apps/customer-website/public/menu-images/crispy-dynamite-prawns.jpg | apps/window-display/public/menu-images/crispy-dynamite-prawns.jpg,menu_item,externalize,verdura-media-<project-suffix>,venues/10000000-0000-4000-8000-000000000001/menu-items/<media-id>/original/crispy-dynamite-prawns.jpg,signed GET (private) via MediaAssetsService.getDeliveryUrl(),NOT EXECUTED — no GCP project access in this session,NOT EXECUTED,RETAINED — no local file deleted or moved this session,N/A — no destructive action taken; original file untouched in git
a4fefdd044e38a2b7e229c317279edb788e0162648fc7bd03403e70f658abddf,1434421,3,2868842,apps/admin-console/public/menu-images/Cyprus_Meatballs.jpg | apps/customer-website/public/menu-images/Cyprus_Meatballs.jpg | apps/window-display/public/menu-images/Cyprus_Meatballs.jpg,menu_item,externalize,verdura-media-<project-suffix>,venues/10000000-0000-4000-8000-000000000001/menu-items/<media-id>/original/cyprus-meatballs.jpg,signed GET (private) via MediaAssetsService.getDeliveryUrl(),NOT EXECUTED — no GCP project access in this session,NOT EXECUTED,RETAINED — no local file deleted or moved this session,N/A — no destructive action taken; original file untouched in git
775c88007cb4da35fbb4080505d7aaccbdc0eb552f83cb8bcecc64712bca3905,124003,3,248006,apps/admin-console/public/menu-images/dolma.jpg | apps/customer-website/public/menu-images/dolma.jpg | apps/window-display/public/menu-images/dolma.jpg,menu_item,externalize,verdura-media-<project-suffix>,venues/10000000-0000-4000-8000-000000000001/menu-items/<media-id>/original/dolma.jpg,signed GET (private) via MediaAssetsService.getDeliveryUrl(),NOT EXECUTED — no GCP project access in this session,NOT EXECUTED,RETAINED — no local file deleted or moved this session,N/A — no destructive action taken; original file untouched in git
5ed13ea8388d7e3187bb6634d9ae4d9c44b5675a5c6b41296275d3ffe1b25dc9,1444422,3,2888844,apps/admin-console/public/menu-images/falafel_plate.jpg | apps/customer-website/public/menu-images/falafel_plate.jpg | apps/window-display/public/menu-images/falafel_plate.jpg,menu_item,externalize,verdura-media-<project-suffix>,venues/10000000-0000-4000-8000-000000000001/menu-items/<media-id>/original/falafel-plate.jpg,signed GET (private) via MediaAssetsService.getDeliveryUrl(),NOT EXECUTED — no GCP project access in this session,NOT EXECUTED,RETAINED — no local file deleted or moved this session,N/A — no destructive action taken; original file untouched in git
7cf1646a8e51d04faca0ee9cc92abe8400a879cc9d4395bf166ff159b5b2bde3,119186,3,238372,apps/admin-console/public/menu-images/fattoush.jpg | apps/customer-website/public/menu-images/fattoush.jpg | apps/window-display/public/menu-images/fattoush.jpg,menu_item,externalize,verdura-media-<project-suffix>,venues/10000000-0000-4000-8000-000000000001/menu-items/<media-id>/original/fattoush.jpg,signed GET (private) via MediaAssetsService.getDeliveryUrl(),NOT EXECUTED — no GCP project access in this session,NOT EXECUTED,RETAINED — no local file deleted or moved this session,N/A — no destructive action taken; original file untouched in git
5da3503a144db4cb6da3c0d787211ed7e1895969599208cea686812917e851b4,1487923,3,2975846,apps/admin-console/public/menu-images/Fettuccine_Alfredo.jpg | apps/customer-website/public/menu-images/Fettuccine_Alfredo.jpg | apps/window-display/public/menu-images/Fettuccine_Alfredo.jpg,menu_item,externalize,verdura-media-<project-suffix>,venues/10000000-0000-4000-8000-000000000001/menu-items/<media-id>/original/fettuccine-alfredo.jpg,signed GET (private) via MediaAssetsService.getDeliveryUrl(),NOT EXECUTED — no GCP project access in this session,NOT EXECUTED,RETAINED — no local file deleted or moved this session,N/A — no destructive action taken; original file untouched in git
80befcef39f3fc942c1d9255902c071d36181a5f66669b20b3d86905bac895b4,94171,3,188342,apps/admin-console/public/menu-images/flavoured-rice.jpg | apps/customer-website/public/menu-images/flavoured-rice.jpg | apps/window-display/public/menu-images/flavoured-rice.jpg,menu_item,externalize,verdura-media-<project-suffix>,venues/10000000-0000-4000-8000-000000000001/menu-items/<media-id>/original/flavoured-rice.jpg,signed GET (private) via MediaAssetsService.getDeliveryUrl(),NOT EXECUTED — no GCP project access in this session,NOT EXECUTED,RETAINED — no local file deleted or moved this session,N/A — no destructive action taken; original file untouched in git
2a2efd8e7c76cb1c895c8ef2d3b11c7b17e828cf96b1b3d5a2230c7d5746d58a,199014,3,398028,apps/admin-console/public/menu-images/garlic-cheese-pide.jpg | apps/customer-website/public/menu-images/garlic-cheese-pide.jpg | apps/window-display/public/menu-images/garlic-cheese-pide.jpg,menu_item,externalize,verdura-media-<project-suffix>,venues/10000000-0000-4000-8000-000000000001/menu-items/<media-id>/original/garlic-cheese-pide.jpg,signed GET (private) via MediaAssetsService.getDeliveryUrl(),NOT EXECUTED — no GCP project access in this session,NOT EXECUTED,RETAINED — no local file deleted or moved this session,N/A — no destructive action taken; original file untouched in git
3c8fc34679cf0ab7d8c2d5e08390e2956f792db0383a47a259e57c13c706e0d1,1141632,3,2283264,apps/admin-console/public/menu-images/gemuse_Berlin_Sandwich.jpg | apps/customer-website/public/menu-images/gemuse_Berlin_Sandwich.jpg | apps/window-display/public/menu-images/gemuse_Berlin_Sandwich.jpg,menu_item,externalize,verdura-media-<project-suffix>,venues/10000000-0000-4000-8000-000000000001/menu-items/<media-id>/original/gemuse-berlin-sandwich.jpg,signed GET (private) via MediaAssetsService.getDeliveryUrl(),NOT EXECUTED — no GCP project access in this session,NOT EXECUTED,RETAINED — no local file deleted or moved this session,N/A — no destructive action taken; original file untouched in git
cc072ecc08996b5400ea3d1437b3a26b6642a1ac8890cbb7fbb92bf4b48ffb65,100544,3,201088,apps/admin-console/public/menu-images/green-salad-side.jpg | apps/customer-website/public/menu-images/green-salad-side.jpg | apps/window-display/public/menu-images/green-salad-side.jpg,menu_item,externalize,verdura-media-<project-suffix>,venues/10000000-0000-4000-8000-000000000001/menu-items/<media-id>/original/green-salad-side.jpg,signed GET (private) via MediaAssetsService.getDeliveryUrl(),NOT EXECUTED — no GCP project access in this session,NOT EXECUTED,RETAINED — no local file deleted or moved this session,N/A — no destructive action taken; original file untouched in git
e4c570932dc459823ed4d606a10628909af81ad4084d40de904fcf1776d011f4,1418103,3,2836206,apps/admin-console/public/menu-images/Grilled_Halloumi.jpg | apps/customer-website/public/menu-images/Grilled_Halloumi.jpg | apps/window-display/public/menu-images/Grilled_Halloumi.jpg,menu_item,externalize,verdura-media-<project-suffix>,venues/10000000-0000-4000-8000-000000000001/menu-items/<media-id>/original/grilled-halloumi.jpg,signed GET (private) via MediaAssetsService.getDeliveryUrl(),NOT EXECUTED — no GCP project access in this session,NOT EXECUTED,RETAINED — no local file deleted or moved this session,N/A — no destructive action taken; original file untouched in git
0c8156f4b10d55c253e724c0ec9d7f264cbab55a124783b38ac5e6cc6929398b,1282817,3,2565634,apps/admin-console/public/menu-images/Halloumi_Loaf.jpg | apps/customer-website/public/menu-images/Halloumi_Loaf.jpg | apps/window-display/public/menu-images/Halloumi_Loaf.jpg,menu_item,externalize,verdura-media-<project-suffix>,venues/10000000-0000-4000-8000-000000000001/menu-items/<media-id>/original/halloumi-loaf.jpg,signed GET (private) via MediaAssetsService.getDeliveryUrl(),NOT EXECUTED — no GCP project access in this session,NOT EXECUTED,RETAINED — no local file deleted or moved this session,N/A — no destructive action taken; original file untouched in git
87aafa18f01aa65bf696eeb5d832c4b7ad1f435820950248a53cacadb6097f0a,1423110,3,2846220,apps/admin-console/public/menu-images/Header_Verdura.jpg | apps/customer-website/public/menu-images/Header_Verdura.jpg | apps/window-display/public/menu-images/Header_Verdura.jpg,menu_item,externalize,verdura-media-<project-suffix>,venues/10000000-0000-4000-8000-000000000001/menu-items/<media-id>/original/header-verdura.jpg,signed GET (private) via MediaAssetsService.getDeliveryUrl(),NOT EXECUTED — no GCP project access in this session,NOT EXECUTED,RETAINED — no local file deleted or moved this session,N/A — no destructive action taken; original file untouched in git
3003797bae0aa142975d8dc8d7f171d02171c4adce428f0b13891833d1a04ed7,90179,3,180358,apps/admin-console/public/menu-images/hummus-side.jpg | apps/customer-website/public/menu-images/hummus-side.jpg | apps/window-display/public/menu-images/hummus-side.jpg,menu_item,externalize,verdura-media-<project-suffix>,venues/10000000-0000-4000-8000-000000000001/menu-items/<media-id>/original/hummus-side.jpg,signed GET (private) via MediaAssetsService.getDeliveryUrl(),NOT EXECUTED — no GCP project access in this session,NOT EXECUTED,RETAINED — no local file deleted or moved this session,N/A — no destructive action taken; original file untouched in git
ebea7cac7f559d7e7016e5f030d15e6dbddb833dbfb87ed5fa0993db31394acd,76546,3,153092,apps/admin-console/public/menu-images/kebab-wrap.jpg | apps/customer-website/public/menu-images/kebab-wrap.jpg | apps/window-display/public/menu-images/kebab-wrap.jpg,menu_item,externalize,verdura-media-<project-suffix>,venues/10000000-0000-4000-8000-000000000001/menu-items/<media-id>/original/kebab-wrap.jpg,signed GET (private) via MediaAssetsService.getDeliveryUrl(),NOT EXECUTED — no GCP project access in this session,NOT EXECUTED,RETAINED — no local file deleted or moved this session,N/A — no destructive action taken; original file untouched in git
a5d03e6c08b7fe4a3ee7d432b954ded239b4a6153990997d7ac9d825665caebc,1191371,3,2382742,apps/admin-console/public/menu-images/Koobideh_sandwich.jpg | apps/customer-website/public/menu-images/Koobideh_sandwich.jpg | apps/window-display/public/menu-images/Koobideh_sandwich.jpg,menu_item,externalize,verdura-media-<project-suffix>,venues/10000000-0000-4000-8000-000000000001/menu-items/<media-id>/original/koobideh-sandwich.jpg,signed GET (private) via MediaAssetsService.getDeliveryUrl(),NOT EXECUTED — no GCP project access in this session,NOT EXECUTED,RETAINED — no local file deleted or moved this session,N/A — no destructive action taken; original file untouched in git
48a042bdfe1059b59e241e56c0cdd3db1ba680edcd8e53637cde15b5542f37a5,1348302,3,2696604,apps/admin-console/public/menu-images/Kunafa.jpg | apps/customer-website/public/menu-images/Kunafa.jpg | apps/window-display/public/menu-images/Kunafa.jpg,menu_item,externalize,verdura-media-<project-suffix>,venues/10000000-0000-4000-8000-000000000001/menu-items/<media-id>/original/kunafa.jpg,signed GET (private) via MediaAssetsService.getDeliveryUrl(),NOT EXECUTED — no GCP project access in this session,NOT EXECUTED,RETAINED — no local file deleted or moved this session,N/A — no destructive action taken; original file untouched in git
c6c87a17b76a70bfab4804c5a100c9b70e1c6ecdb71027efbe51eef494cce202,133117,3,266234,apps/admin-console/public/menu-images/kuwaiti-chicken-machboos.jpg | apps/customer-website/public/menu-images/kuwaiti-chicken-machboos.jpg | apps/window-display/public/menu-images/kuwaiti-chicken-machboos.jpg,menu_item,externalize,verdura-media-<project-suffix>,venues/10000000-0000-4000-8000-000000000001/menu-items/<media-id>/original/kuwaiti-chicken-machboos.jpg,signed GET (private) via MediaAssetsService.getDeliveryUrl(),NOT EXECUTED — no GCP project access in this session,NOT EXECUTED,RETAINED — no local file deleted or moved this session,N/A — no destructive action taken; original file untouched in git
672671813ecb7d83ec4cddbb034b2fa06791b361c83c1611f604672e68f8cced,1013759,3,2027518,apps/admin-console/public/menu-images/kuwaiti-lamb-shank-machboos.jpg | apps/customer-website/public/menu-images/kuwaiti-lamb-shank-machboos.jpg | apps/window-display/public/menu-images/kuwaiti-lamb-shank-machboos.jpg,menu_item,externalize,verdura-media-<project-suffix>,venues/10000000-0000-4000-8000-000000000001/menu-items/<media-id>/original/kuwaiti-lamb-shank-machboos.jpg,signed GET (private) via MediaAssetsService.getDeliveryUrl(),NOT EXECUTED — no GCP project access in this session,NOT EXECUTED,RETAINED — no local file deleted or moved this session,N/A — no destructive action taken; original file untouched in git
e02fdbbeac013983c70315687c798f1997498ec5fccfa5f83c63cad5e44bcedf,1557486,3,3114972,apps/admin-console/public/menu-images/Lamb_Machboos.jpg | apps/customer-website/public/menu-images/Lamb_Machboos.jpg | apps/window-display/public/menu-images/Lamb_Machboos.jpg,menu_item,externalize,verdura-media-<project-suffix>,venues/10000000-0000-4000-8000-000000000001/menu-items/<media-id>/original/lamb-machboos.jpg,signed GET (private) via MediaAssetsService.getDeliveryUrl(),NOT EXECUTED — no GCP project access in this session,NOT EXECUTED,RETAINED — no local file deleted or moved this session,N/A — no destructive action taken; original file untouched in git
22267757cff76f88d7a0d87545b0588bdb1adb8c1e8e5e3cca38d873182988ab,171456,3,342912,apps/admin-console/public/menu-images/lamb-shish.jpg | apps/customer-website/public/menu-images/lamb-shish.jpg | apps/window-display/public/menu-images/lamb-shish.jpg,menu_item,externalize,verdura-media-<project-suffix>,venues/10000000-0000-4000-8000-000000000001/menu-items/<media-id>/original/lamb-shish.jpg,signed GET (private) via MediaAssetsService.getDeliveryUrl(),NOT EXECUTED — no GCP project access in this session,NOT EXECUTED,RETAINED — no local file deleted or moved this session,N/A — no destructive action taken; original file untouched in git
f06850dbb84a9ac393074da7c9a43ddfcba5714d0f999be304bba2e0b0334de2,153190,3,306380,apps/admin-console/public/menu-images/lebanese-lahm-bi-ajin.jpg | apps/customer-website/public/menu-images/lebanese-lahm-bi-ajin.jpg | apps/window-display/public/menu-images/lebanese-lahm-bi-ajin.jpg,menu_item,externalize,verdura-media-<project-suffix>,venues/10000000-0000-4000-8000-000000000001/menu-items/<media-id>/original/lebanese-lahm-bi-ajin.jpg,signed GET (private) via MediaAssetsService.getDeliveryUrl(),NOT EXECUTED — no GCP project access in this session,NOT EXECUTED,RETAINED — no local file deleted or moved this session,N/A — no destructive action taken; original file untouched in git
bcf8aa061f4ba5ca142eac9a9ede5a52d73a0c82760f7ed2b1299188f679dd92,1863251,3,3726502,apps/admin-console/public/menu-images/lugaimat.png | apps/customer-website/public/menu-images/lugaimat.png | apps/window-display/public/menu-images/lugaimat.png,menu_item,externalize,verdura-media-<project-suffix>,venues/10000000-0000-4000-8000-000000000001/menu-items/<media-id>/original/lugaimat.png,signed GET (private) via MediaAssetsService.getDeliveryUrl(),NOT EXECUTED — no GCP project access in this session,NOT EXECUTED,RETAINED — no local file deleted or moved this session,N/A — no destructive action taken; original file untouched in git
3e68b38fa366f1bbbfbc2aa43f30c63d1845a428c250b3ebf4c8e92cdd364685,108099,3,216198,apps/admin-console/public/menu-images/mediterranean-chicken-burger.jpg | apps/customer-website/public/menu-images/mediterranean-chicken-burger.jpg | apps/window-display/public/menu-images/mediterranean-chicken-burger.jpg,menu_item,externalize,verdura-media-<project-suffix>,venues/10000000-0000-4000-8000-000000000001/menu-items/<media-id>/original/mediterranean-chicken-burger.jpg,signed GET (private) via MediaAssetsService.getDeliveryUrl(),NOT EXECUTED — no GCP project access in this session,NOT EXECUTED,RETAINED — no local file deleted or moved this session,N/A — no destructive action taken; original file untouched in git
4374adb725eeac5af31a9d92e47d3197c7b938b1a854bb6a235e23baffc4fa54,108619,3,217238,apps/admin-console/public/menu-images/mighty-angus-burger.jpg | apps/customer-website/public/menu-images/mighty-angus-burger.jpg | apps/window-display/public/menu-images/mighty-angus-burger.jpg,menu_item,externalize,verdura-media-<project-suffix>,venues/10000000-0000-4000-8000-000000000001/menu-items/<media-id>/original/mighty-angus-burger.jpg,signed GET (private) via MediaAssetsService.getDeliveryUrl(),NOT EXECUTED — no GCP project access in this session,NOT EXECUTED,RETAINED — no local file deleted or moved this session,N/A — no destructive action taken; original file untouched in git
95b0d3cd65db2c3665512d8ba96d2ab2f2a2629104b80febca1004e598d7e93e,186516,3,373032,apps/admin-console/public/menu-images/mixed-shish.jpg | apps/customer-website/public/menu-images/mixed-shish.jpg | apps/window-display/public/menu-images/mixed-shish.jpg,menu_item,externalize,verdura-media-<project-suffix>,venues/10000000-0000-4000-8000-000000000001/menu-items/<media-id>/original/mixed-shish.jpg,signed GET (private) via MediaAssetsService.getDeliveryUrl(),NOT EXECUTED — no GCP project access in this session,NOT EXECUTED,RETAINED — no local file deleted or moved this session,N/A — no destructive action taken; original file untouched in git
2234c9f619d92ee109171eee96e158ae10b3b103bcc84066492b56d42a39c613,1571903,3,3143806,apps/admin-console/public/menu-images/Murabyn_Shrimp.jpg | apps/customer-website/public/menu-images/Murabyn_Shrimp.jpg | apps/window-display/public/menu-images/Murabyn_Shrimp.jpg,menu_item,externalize,verdura-media-<project-suffix>,venues/10000000-0000-4000-8000-000000000001/menu-items/<media-id>/original/murabyn-shrimp.jpg,signed GET (private) via MediaAssetsService.getDeliveryUrl(),NOT EXECUTED — no GCP project access in this session,NOT EXECUTED,RETAINED — no local file deleted or moved this session,N/A — no destructive action taken; original file untouched in git
8e63320a54fe7cbb29b5b6b30ac1b6da19d96dab6690e1cb32f5cea70c3d8460,1452429,3,2904858,apps/admin-console/public/menu-images/Mytabal_With_Kibbe.jpg | apps/customer-website/public/menu-images/Mytabal_With_Kibbe.jpg | apps/window-display/public/menu-images/Mytabal_With_Kibbe.jpg,menu_item,externalize,verdura-media-<project-suffix>,venues/10000000-0000-4000-8000-000000000001/menu-items/<media-id>/original/mytabal-with-kibbe.jpg,signed GET (private) via MediaAssetsService.getDeliveryUrl(),NOT EXECUTED — no GCP project access in this session,NOT EXECUTED,RETAINED — no local file deleted or moved this session,N/A — no destructive action taken; original file untouched in git
b6c315273e9ead7f38a17cff735bf9ab109d50bde187ee229e9b8051ba41a2ae,1578388,3,3156776,apps/admin-console/public/menu-images/Penne_Pasta.jpg | apps/customer-website/public/menu-images/Penne_Pasta.jpg | apps/window-display/public/menu-images/Penne_Pasta.jpg,menu_item,externalize,verdura-media-<project-suffix>,venues/10000000-0000-4000-8000-000000000001/menu-items/<media-id>/original/penne-pasta.jpg,signed GET (private) via MediaAssetsService.getDeliveryUrl(),NOT EXECUTED — no GCP project access in this session,NOT EXECUTED,RETAINED — no local file deleted or moved this session,N/A — no destructive action taken; original file untouched in git
2dcf3257c4317faa8004e8fc45ed7ec3fd236d2c1d164d70c7f9113c6631b51a,166219,3,332438,apps/admin-console/public/menu-images/persian-koobideh.jpg | apps/customer-website/public/menu-images/persian-koobideh.jpg | apps/window-display/public/menu-images/persian-koobideh.jpg,menu_item,externalize,verdura-media-<project-suffix>,venues/10000000-0000-4000-8000-000000000001/menu-items/<media-id>/original/persian-koobideh.jpg,signed GET (private) via MediaAssetsService.getDeliveryUrl(),NOT EXECUTED — no GCP project access in this session,NOT EXECUTED,RETAINED — no local file deleted or moved this session,N/A — no destructive action taken; original file untouched in git
0f0dacd94a6c4e1c5e7fdb5e61dec6ad12617822607419ac7dbba87be1b74765,177864,3,355728,apps/admin-console/public/menu-images/pita-bread-dips.jpg | apps/customer-website/public/menu-images/pita-bread-dips.jpg | apps/window-display/public/menu-images/pita-bread-dips.jpg,menu_item,externalize,verdura-media-<project-suffix>,venues/10000000-0000-4000-8000-000000000001/menu-items/<media-id>/original/pita-bread-dips.jpg,signed GET (private) via MediaAssetsService.getDeliveryUrl(),NOT EXECUTED — no GCP project access in this session,NOT EXECUTED,RETAINED — no local file deleted or moved this session,N/A — no destructive action taken; original file untouched in git
0daf4dde895aa52644e0a8dd71a2b2a5ab9e9d3e4877fb0bc1145e8e1b7aaca6,207696,3,415392,apps/admin-console/public/menu-images/pita-bread-full.jpg | apps/customer-website/public/menu-images/pita-bread-full.jpg | apps/window-display/public/menu-images/pita-bread-full.jpg,menu_item,externalize,verdura-media-<project-suffix>,venues/10000000-0000-4000-8000-000000000001/menu-items/<media-id>/original/pita-bread-full.jpg,signed GET (private) via MediaAssetsService.getDeliveryUrl(),NOT EXECUTED — no GCP project access in this session,NOT EXECUTED,RETAINED — no local file deleted or moved this session,N/A — no destructive action taken; original file untouched in git
3948311e28d7576064c7e5a5ffbd1f22bef828af61ec5e69d3494038aa3f1199,1176757,3,2353514,apps/admin-console/public/menu-images/Shish_Taouk_Sandwich.jpg | apps/customer-website/public/menu-images/Shish_Taouk_Sandwich.jpg | apps/window-display/public/menu-images/Shish_Taouk_Sandwich.jpg,menu_item,externalize,verdura-media-<project-suffix>,venues/10000000-0000-4000-8000-000000000001/menu-items/<media-id>/original/shish-taouk-sandwich.jpg,signed GET (private) via MediaAssetsService.getDeliveryUrl(),NOT EXECUTED — no GCP project access in this session,NOT EXECUTED,RETAINED — no local file deleted or moved this session,N/A — no destructive action taken; original file untouched in git
f84b8ba2b11cf6575ff1b174d36998cd2a2a3b596a98356f0a932f6ec3fe7102,187033,3,374066,apps/admin-console/public/menu-images/shish-taouk.jpg | apps/customer-website/public/menu-images/shish-taouk.jpg | apps/window-display/public/menu-images/shish-taouk.jpg,menu_item,externalize,verdura-media-<project-suffix>,venues/10000000-0000-4000-8000-000000000001/menu-items/<media-id>/original/shish-taouk.jpg,signed GET (private) via MediaAssetsService.getDeliveryUrl(),NOT EXECUTED — no GCP project access in this session,NOT EXECUTED,RETAINED — no local file deleted or moved this session,N/A — no destructive action taken; original file untouched in git
1d5331e46508481f1282c3b5d762e70401c0381e1358735feef4ca6f13233e81,4196442,3,8392884,apps/admin-console/public/menu-images/tiramisu.jpg | apps/customer-website/public/menu-images/tiramisu.jpg | apps/window-display/public/menu-images/tiramisu.jpg,menu_item,externalize,verdura-media-<project-suffix>,venues/10000000-0000-4000-8000-000000000001/menu-items/<media-id>/original/tiramisu.jpg,signed GET (private) via MediaAssetsService.getDeliveryUrl(),NOT EXECUTED — no GCP project access in this session,NOT EXECUTED,RETAINED — no local file deleted or moved this session,N/A — no destructive action taken; original file untouched in git
4d492d9ecf349dc0de9d2c2e2e0fcc6eabf8e08f34a8be31804fc521952bb8f0,1415016,3,2830032,apps/admin-console/public/menu-images/Verdura_Pizza.jpg | apps/customer-website/public/menu-images/Verdura_Pizza.jpg | apps/window-display/public/menu-images/Verdura_Pizza.jpg,menu_item,externalize,verdura-media-<project-suffix>,venues/10000000-0000-4000-8000-000000000001/menu-items/<media-id>/original/verdura-pizza.jpg,signed GET (private) via MediaAssetsService.getDeliveryUrl(),NOT EXECUTED — no GCP project access in this session,NOT EXECUTED,RETAINED — no local file deleted or moved this session,N/A — no destructive action taken; original file untouched in git
a3696ac8c8b8d3af1687b01d9cd93f84fb441f2328f5f1aa7660e37b32b7a85f,1507400,3,3014800,apps/admin-console/public/menu-images/Verdura_Salad.jpg | apps/customer-website/public/menu-images/Verdura_Salad.jpg | apps/window-display/public/menu-images/Verdura_Salad.jpg,menu_item,externalize,verdura-media-<project-suffix>,venues/10000000-0000-4000-8000-000000000001/menu-items/<media-id>/original/verdura-salad.jpg,signed GET (private) via MediaAssetsService.getDeliveryUrl(),NOT EXECUTED — no GCP project access in this session,NOT EXECUTED,RETAINED — no local file deleted or moved this session,N/A — no destructive action taken; original file untouched in git
64fe61cd4bc449723667ec16f7d1a503d2aad684eba9f6119caa70889940a97e,246077,3,492154,apps/admin-console/public/menu-images/verdura-couple-feast.jpg | apps/customer-website/public/menu-images/verdura-couple-feast.jpg | apps/window-display/public/menu-images/verdura-couple-feast.jpg,menu_item,externalize,verdura-media-<project-suffix>,venues/10000000-0000-4000-8000-000000000001/menu-items/<media-id>/original/verdura-couple-feast.jpg,signed GET (private) via MediaAssetsService.getDeliveryUrl(),NOT EXECUTED — no GCP project access in this session,NOT EXECUTED,RETAINED — no local file deleted or moved this session,N/A — no destructive action taken; original file untouched in git
ed44f183cbd2e2445255a0684f06aa3e42d2abb56c1504fc54d509764b07a189,228056,3,456112,apps/admin-console/public/menu-images/verdura-grill-for-two.jpg | apps/customer-website/public/menu-images/verdura-grill-for-two.jpg | apps/window-display/public/menu-images/verdura-grill-for-two.jpg,menu_item,externalize,verdura-media-<project-suffix>,venues/10000000-0000-4000-8000-000000000001/menu-items/<media-id>/original/verdura-grill-for-two.jpg,signed GET (private) via MediaAssetsService.getDeliveryUrl(),NOT EXECUTED — no GCP project access in this session,NOT EXECUTED,RETAINED — no local file deleted or moved this session,N/A — no destructive action taken; original file untouched in git
6a77086c3c421401b60d562a82c5540f6df30ce8969b198dd2ed213fdc275ee8,272883,3,545766,apps/admin-console/public/menu-images/verdura-mezze-board.jpg | apps/customer-website/public/menu-images/verdura-mezze-board.jpg | apps/window-display/public/menu-images/verdura-mezze-board.jpg,menu_item,externalize,verdura-media-<project-suffix>,venues/10000000-0000-4000-8000-000000000001/menu-items/<media-id>/original/verdura-mezze-board.jpg,signed GET (private) via MediaAssetsService.getDeliveryUrl(),NOT EXECUTED — no GCP project access in this session,NOT EXECUTED,RETAINED — no local file deleted or moved this session,N/A — no destructive action taken; original file untouched in git
42665972bc675401577843a28428fca1e9a0046e5ecbf5405a35201cc1e05f14,89217,3,178434,apps/customer-website/src/assets/image/about_table.avif | Asset/image/about_reservations.avif | Asset/image/home-reservations.avif,promotion,externalize,verdura-media-<project-suffix>,venues/10000000-0000-4000-8000-000000000001/promotions/<media-id>/original/about-table.avif,signed GET (private) via MediaAssetsService.getDeliveryUrl(),NOT EXECUTED — no GCP project access in this session,NOT EXECUTED,RETAINED — no local file deleted or moved this session,N/A — no destructive action taken; original file untouched in git
c06c060b6cf004400f04c4e3f02e4b6a2d6ae5688ebe504ea4de48210b81f16e,34617,2,34617,apps/customer-website/src/assets/image/about_chef.avif | Asset/image/about_chef.avif,promotion,externalize,verdura-media-<project-suffix>,venues/10000000-0000-4000-8000-000000000001/promotions/<media-id>/original/about-chef.avif,signed GET (private) via MediaAssetsService.getDeliveryUrl(),NOT EXECUTED — no GCP project access in this session,NOT EXECUTED,RETAINED — no local file deleted or moved this session,N/A — no destructive action taken; original file untouched in git
d4f3b47f98c4bd14aaa33468c9c5342799769240dbd2383a66515008f63d8ed3,87833,2,87833,apps/customer-website/src/assets/image/about_main.avif | Asset/image/about_hero.avif,promotion,externalize,verdura-media-<project-suffix>,venues/10000000-0000-4000-8000-000000000001/promotions/<media-id>/original/about-main.avif,signed GET (private) via MediaAssetsService.getDeliveryUrl(),NOT EXECUTED — no GCP project access in this session,NOT EXECUTED,RETAINED — no local file deleted or moved this session,N/A — no destructive action taken; original file untouched in git
0e5355f4284c60a4a6b857947a8c45deb053a434ce9eea75feb71ac008a1e2f2,64342,2,64342,apps/customer-website/src/assets/image/reservations.avif | Asset/image/reservations.avif,promotion,externalize,verdura-media-<project-suffix>,venues/10000000-0000-4000-8000-000000000001/promotions/<media-id>/original/reservations.avif,signed GET (private) via MediaAssetsService.getDeliveryUrl(),NOT EXECUTED — no GCP project access in this session,NOT EXECUTED,RETAINED — no local file deleted or moved this session,N/A — no destructive action taken; original file untouched in git
bb70359e1da86028c3666ad5ab137e0c96cd49c8606e2326adebb34daeebd2a0,266,1,0,apps/customer-website/public/favicon.svg,branding,retain_local,,N/A (retained local),N/A,NOT EXECUTED — no GCP project access in this session,NOT EXECUTED,RETAINED — no local file deleted or moved this session,N/A — no destructive action taken; original file untouched in git
f400d43fdfa4e5a2c643fb71d887391ff6e92a207067d475d2ad607faee5d0b2,449352,1,0,apps/customer-website/src/assets/image/menu_main.avif,promotion,externalize,verdura-media-<project-suffix>,venues/10000000-0000-4000-8000-000000000001/promotions/<media-id>/original/menu-main.avif,signed GET (private) via MediaAssetsService.getDeliveryUrl(),NOT EXECUTED — no GCP project access in this session,NOT EXECUTED,RETAINED — no local file deleted or moved this session,N/A — no destructive action taken; original file untouched in git
f79f8467d762174afc42cbc19f027d3e0c4249ef1f6d6c81761e7c00f1616bd8,38492,1,0,apps/customer-website/src/assets/image/photo-1565557623262-b51c2513a641.avif,promotion,externalize,verdura-media-<project-suffix>,venues/10000000-0000-4000-8000-000000000001/promotions/<media-id>/original/photo-1565557623262-b51c2513a641.avif,signed GET (private) via MediaAssetsService.getDeliveryUrl(),NOT EXECUTED — no GCP project access in this session,NOT EXECUTED,RETAINED — no local file deleted or moved this session,N/A — no destructive action taken; original file untouched in git
800600498614829e5decd8e83ef1e6c4476ba8eae0074cd53c40c4f971b7d91d,886,1,0,apps/window-display/public/branding/verdura-fallback.svg,branding,retain_local,,N/A (retained local),N/A,NOT EXECUTED — no GCP project access in this session,NOT EXECUTED,RETAINED — no local file deleted or moved this session,N/A — no destructive action taken; original file untouched in git
4bf664763ed7d3734d8e9cdecec4280d9c5376164b5934750a07d1ee25b8e789,14580,1,0,apps/window-display/public/icons/apple-touch-icon.png,branding,retain_local,,N/A (retained local),N/A,NOT EXECUTED — no GCP project access in this session,NOT EXECUTED,RETAINED — no local file deleted or moved this session,N/A — no destructive action taken; original file untouched in git
b13a35766f49e2011b3eb8d287b97b0c11e30bb8cbe976aa2bf035067bd39423,20711,1,0,apps/window-display/public/icons/icon-192.png,branding,retain_local,,N/A (retained local),N/A,NOT EXECUTED — no GCP project access in this session,NOT EXECUTED,RETAINED — no local file deleted or moved this session,N/A — no destructive action taken; original file untouched in git
a50549004f1da8156be9feb1feee603aaace168ddc2ef6146a8c10c9e5801dbf,98831,1,0,apps/window-display/public/icons/icon-512.png,branding,retain_local,,N/A (retained local),N/A,NOT EXECUTED — no GCP project access in this session,NOT EXECUTED,RETAINED — no local file deleted or moved this session,N/A — no destructive action taken; original file untouched in git
334c9b88b184791533f083fb993c3c5c7ee1b3056c9e8d5774832042c4d4007a,16010,1,0,apps/window-display/public/icons/icon-maskable-192.png,branding,retain_local,,N/A (retained local),N/A,NOT EXECUTED — no GCP project access in this session,NOT EXECUTED,RETAINED — no local file deleted or moved this session,N/A — no destructive action taken; original file untouched in git
293bf0ba5cdddd52ff7f62e80f7dc4e2b92a9750f78e42b20d503edc8bf5a5f1,73317,1,0,apps/window-display/public/icons/icon-maskable-512.png,branding,retain_local,,N/A (retained local),N/A,NOT EXECUTED — no GCP project access in this session,NOT EXECUTED,RETAINED — no local file deleted or moved this session,N/A — no destructive action taken; original file untouched in git
0d4193ef2682d795f57c57a996deaf610d50fed40a8540a6646bb88771744a84,4420499,1,0,Asset/image/Birds eye view.jpg,promotion,externalize,verdura-media-<project-suffix>,venues/10000000-0000-4000-8000-000000000001/promotions/<media-id>/original/birds-eye-view.jpg,signed GET (private) via MediaAssetsService.getDeliveryUrl(),NOT EXECUTED — no GCP project access in this session,NOT EXECUTED,RETAINED — no local file deleted or moved this session,N/A — no destructive action taken; original file untouched in git
6cfbec0c2cc7c7cb0d0e4bd69bfbed47fbfecdca5316d188d957345ef528815f,4242144,1,0,Asset/image/Far table view of foods.jpg,promotion,externalize,verdura-media-<project-suffix>,venues/10000000-0000-4000-8000-000000000001/promotions/<media-id>/original/far-table-view-of-foods.jpg,signed GET (private) via MediaAssetsService.getDeliveryUrl(),NOT EXECUTED — no GCP project access in this session,NOT EXECUTED,RETAINED — no local file deleted or moved this session,N/A — no destructive action taken; original file untouched in git
20f6a12b03fea82d42ce9461469fc0379dd965112cf265b8ef587816cafa8a84,2206722,1,0,Asset/image/home-about.avif,promotion,externalize,verdura-media-<project-suffix>,venues/10000000-0000-4000-8000-000000000001/promotions/<media-id>/original/home-about.avif,signed GET (private) via MediaAssetsService.getDeliveryUrl(),NOT EXECUTED — no GCP project access in this session,NOT EXECUTED,RETAINED — no local file deleted or moved this session,N/A — no destructive action taken; original file untouched in git
fc02161bed6e7bf82bbb73fa2af17f626b39b0853136ac73e86973b81c4fa0fc,4362792,1,0,Asset/image/home-menu.avif,promotion,externalize,verdura-media-<project-suffix>,venues/10000000-0000-4000-8000-000000000001/promotions/<media-id>/original/home-menu.avif,signed GET (private) via MediaAssetsService.getDeliveryUrl(),NOT EXECUTED — no GCP project access in this session,NOT EXECUTED,RETAINED — no local file deleted or moved this session,N/A — no destructive action taken; original file untouched in git
a49ba8cb7cb8eb12a9a0d97b4ae0de11dfc71e6d7ebdd99ba943b6869e161240,30992733,1,0,Asset/image/menu_main.avif,promotion,externalize,verdura-media-<project-suffix>,venues/10000000-0000-4000-8000-000000000001/promotions/<media-id>/original/menu-main.avif,signed GET (private) via MediaAssetsService.getDeliveryUrl(),NOT EXECUTED — no GCP project access in this session,NOT EXECUTED,RETAINED — no local file deleted or moved this session,N/A — no destructive action taken; original file untouched in git
f52ed270a6365e712839db82183544d380d748600771b016bb6c9c2b3bd4572d,4959330,1,0,Asset/image/Table of food.jpg,promotion,externalize,verdura-media-<project-suffix>,venues/10000000-0000-4000-8000-000000000001/promotions/<media-id>/original/table-of-food.jpg,signed GET (private) via MediaAssetsService.getDeliveryUrl(),NOT EXECUTED — no GCP project access in this session,NOT EXECUTED,RETAINED — no local file deleted or moved this session,N/A — no destructive action taken; original file untouched in git
25aa7bcafe28ede74c12a87576ae1afd58eddbe9f4b79569a7c364b25769e385,367880,1,0,Asset/Verdura Mediterranean Swirl.png,unclassified,review,,N/A (retained local),N/A,NOT EXECUTED — no GCP project access in this session,NOT EXECUTED,RETAINED — no local file deleted or moved this session,N/A — no destructive action taken; original file untouched in git
2c59160d8b82e4c9f9212c17a075fb885d255e86ae11e84d9ad5370330624515,446763,1,0,Asset/Verdura_logo.svg,unclassified,review,,N/A (retained local),N/A,NOT EXECUTED — no GCP project access in this session,NOT EXECUTED,RETAINED — no local file deleted or moved this session,N/A — no destructive action taken; original file untouched in git
fc9228b752fcd44abe3574d03abfa23ce0410db3ecc708966f427f971b55c4ce,65995858,1,0,Asset/video/intro.mp4,video,externalize,verdura-media-<project-suffix>,venues/10000000-0000-4000-8000-000000000001/videos/<media-id>/original/intro.mp4,signed GET (private) via MediaAssetsService.getDeliveryUrl(),NOT EXECUTED — no GCP project access in this session,NOT EXECUTED,RETAINED — no local file deleted or moved this session,N/A — no destructive action taken; original file untouched in git
16d1caff7bee248737006dc2f6ac003b9d79a30bb4601948ef22bb2ac63a1956,15968,1,0,tableMap.svg,unclassified,review,,N/A (retained local),N/A,NOT EXECUTED — no GCP project access in this session,NOT EXECUTED,RETAINED — no local file deleted or moved this session,N/A — no destructive action taken; original file untouched in git
