relative_path,size_bytes,detected_mime_type,extension_label_mismatch,sha256,current_consumer,classification,proposed_object_key,requires_public_copy,dedup_reuse_of_existing_object,app_config_reference,deletion_eligible_after
Asset/video/intro.mp4,65995858,video/mp4,no,fc9228b752fcd44abe3574d03abfa23ce0410db3ecc708966f427f971b55c4ce,"Home.jsx introVideo (vite alias+transform); symlinked into customer-website/public/video/intro.mp4 and window-display/public/video/intro.mp4",public runtime,website/hero/intro.mp4,yes,no,STATIC_MEDIA.heroVideo (shared/media/staticMedia.mjs),private+public upload verified
Asset/image/home-menu.avif,4362792,image/jpeg (mislabeled - real content is JPEG despite .avif extension),yes,fc02161bed6e7bf82bbb73fa2af17f626b39b0853136ac73e86973b81c4fa0fc,Home.jsx MENU_IMG (vite alias+transform),public runtime,website/home/menu.jpg,yes,no,STATIC_MEDIA.homeMenu,private+public upload verified
Asset/image/home-about.avif,2206722,image/jpeg (mislabeled - real content is JPEG despite .avif extension),yes,20f6a12b03fea82d42ce9461469fc0379dd965112cf265b8ef587816cafa8a84,Home.jsx ABOUT_IMG (vite alias+transform),public runtime,website/home/about.jpg,yes,no,STATIC_MEDIA.homeAbout,private+public upload verified
Asset/image/home-reservations.avif,89217,image/avif,no,42665972bc675401577843a28428fca1e9a0046e5ecbf5405a35201cc1e05f14,Home.jsx RESERVATION_IMG (vite alias+transform),public runtime,website/shared/reservations.avif,yes,no,STATIC_MEDIA.sharedReservations,private+public upload verified
Asset/image/about_reservations.avif,89217,image/avif,no,42665972bc675401577843a28428fca1e9a0046e5ecbf5405a35201cc1e05f14,About.jsx RESERVATION_IMG (vite alias+transform),public runtime,website/shared/reservations.avif,yes,"yes - byte-identical to home-reservations.avif, same object reused (not re-uploaded)",STATIC_MEDIA.sharedReservations,covered by home-reservations.avif upload
Asset/image/about_hero.avif,87833,image/avif,no,d4f3b47f98c4bd14aaa33468c9c5342799769240dbd2383a66515008f63d8ed3,About.jsx HERO_IMG (vite alias+transform),public runtime,website/about/hero.avif,yes,no,STATIC_MEDIA.aboutHero,private+public upload verified
Asset/image/about_chef.avif,34617,image/avif,no,c06c060b6cf004400f04c4e3f02e4b6a2d6ae5688ebe504ea4de48210b81f16e,About.jsx CHEF_IMG (vite alias+transform),public runtime,website/about/chef.avif,yes,no,STATIC_MEDIA.aboutChef,private+public upload verified
Asset/image/menu_main.avif,30992733,image/png (mislabeled - real content is PNG despite .avif extension),yes,a49ba8cb7cb8eb12a9a0d97b4ae0de11dfc71e6d7ebdd99ba943b6869e161240,Contact.jsx HERO_IMG (vite alias+transform),public runtime,website/contact/hero.png,yes,no,STATIC_MEDIA.contactHero,private+public upload verified
Asset/image/reservations.avif,64342,image/avif,no,0e5355f4284c60a4a6b857947a8c45deb053a434ce9eea75feb71ac008a1e2f2,none found (repo-wide grep clean),unused - sole distinct copy (checksum differs from home/about reservations pair),source/photography/reservations-alt.avif,no,no,none (not wired into any app),private upload verified
Asset/image/Baklava.jpg,122408,image/jpeg,no,ad00d6e8f2eda50a672ffcbcfcb018b383c3114f5121b85652c32eff7ddb19b0,none found (repo-wide grep clean; not read by shared/menu/menuData.mjs's static /menu-images/Baklava.jpg fallback path either),unused - byte/MD5-identical duplicate of an already-migrated canonical MenuItem MediaAsset,venues/10000000-0000-4000-8000-000000000001/menu-items/4cd0b31a-7cc6-4eb5-b536-a0304be59e39/original/baklava.jpg (EXISTING - not a new key),already present in both buckets,"yes - MD5 4ggt+RlVOY4QOxfQRCGARw==, 122408 bytes, matches the existing menu-item MediaAsset object in both verdura-media-originals-d3794338b2 and verdura-media-public-d3794338b2 exactly",none (dedup only - do not associate with MenuItem records),verified via existing object - no upload needed
Asset/image/Birds eye view.jpg,4420499,image/jpeg,no,0d4193ef2682d795f57c57a996deaf610d50fed40a8540a6646bb88771744a84,none found (repo-wide grep clean),unused - sole copy in repository (no duplicate anywhere),source/photography/birds-eye-view.jpg,no,no,none,private upload verified
Asset/image/Far table view of foods.jpg,4242144,image/jpeg,no,6cfbec0c2cc7c7cb0d0e4bd69bfbed47fbfecdca5316d188d957345ef528815f,none found (repo-wide grep clean),unused - sole copy in repository (no duplicate anywhere),source/photography/far-table-view-of-foods.jpg,no,no,none,private upload verified
Asset/image/Table of food.jpg,4959330,image/jpeg,no,f52ed270a6365e712839db82183544d380d748600771b016bb6c9c2b3bd4572d,none found (repo-wide grep clean),unused - sole copy in repository (no duplicate anywhere),source/photography/table-of-food.jpg,no,no,none,private upload verified
Asset/Verdura Mediterranean Swirl.af,1438163,application/octet-stream (Affinity Designer/Publisher source; no registered MIME type),no,c216fe42885d2b52552ec00250673c26962c0bd074d5eaf3dbcd2bb458b8f254,none found (repo-wide grep clean),unused - editable design source; no evidence of public rendering need,source/design/verdura-mediterranean-swirl.af,no (private only - no evidence justifying public exposure),no,none,private upload verified
Asset/Verdura Mediterranean Swirl.png,367880,image/png,no,25aa7bcafe28ede74c12a87576ae1afd58eddbe9f4b79569a7c364b25769e385,none found (repo-wide grep clean; flagged orphaned in 2026-08-17 audit),unused - brand render; no evidence of public rendering need,brand/verdura-mediterranean-swirl.png,no (private only - no evidence justifying public exposure),no,none,private upload verified
Asset/Verdura_logo.svg,446763,image/svg+xml,no,2c59160d8b82e4c9f9212c17a075fb885d255e86ae11e84d9ad5370330624515,none found (repo-wide grep clean; flagged orphaned in 2026-08-17 audit),unused - logo; no evidence of public rendering need,brand/verdura-logo.svg,no (private only - no evidence justifying public exposure),no,none,private upload verified
Asset/.DS_Store,6148,application/octet-stream (macOS Finder metadata),no,n/a (junk - not hashed),none,junk,none,no,no,none,delete directly - not cloud media
Asset/image/.DS_Store,6148,application/octet-stream (macOS Finder metadata),no,n/a (junk - not hashed),none,junk,none,no,no,none,delete directly - not cloud media
