C:\ProgramData	protected=True	owner=NT AUTHORITY\SYSTEM	O:SYG:SYD:PAI(A;OICIIO;GA;;;CO)(A;OICI;FA;;;SY)(A;OICI;FA;;;BA)(A;OICI;0x1200a9;;;BU)(A;CI;DCLCRPCR;;;BU)
C:\ProgramData\Verdura	protected=False	owner=BUILTIN\Administrators	O:BAG:S-1-5-21-160777116-34683011-1598780446-513D:AI(A;OICI;FA;;;SY)(A;OICIID;FA;;;SY)(A;OICIID;FA;;;BA)(A;OICIIOID;GA;;;CO)(A;OICIID;0x1200a9;;;BU)(A;CIID;DCLCRPCR;;;BU)
C:\ProgramData\Verdura\releases	protected=True	owner=BUILTIN\Administrators	O:BAG:S-1-5-21-160777116-34683011-1598780446-513D:PAI(A;OICI;FA;;;SY)(A;OICI;FA;;;BA)
C:\ProgramData\Verdura\state	protected=True	owner=BUILTIN\Administrators	O:BAG:S-1-5-21-160777116-34683011-1598780446-513D:PAI(A;OICI;FA;;;SY)(A;OICI;FA;;;BA)
C:\ProgramData\Verdura\logs	protected=True	owner=BUILTIN\Administrators	O:BAG:S-1-5-21-160777116-34683011-1598780446-513D:PAI(A;OICI;FA;;;SY)(A;OICI;FA;;;BA)
C:\ProgramData\Verdura\config	protected=True	owner=BUILTIN\Administrators	O:BAG:S-1-5-21-160777116-34683011-1598780446-513D:PAI(A;OICI;FA;;;SY)(A;OICI;FA;;;BA)(A;OICI;FA;;;S-1-5-21-160777116-34683011-1598780446-1001)
C:\ProgramData\Verdura\config\secrets	protected=False	owner=BUILTIN\Administrators	O:BAG:S-1-5-21-160777116-34683011-1598780446-513D:AI(A;OICIID;FA;;;SY)(A;OICIID;FA;;;BA)(A;OICIID;FA;;;S-1-5-21-160777116-34683011-1598780446-1001)
C:\ProgramData\Verdura\backups	protected=False	owner=BUILTIN\Administrators	O:BAG:S-1-5-21-160777116-34683011-1598780446-513D:AI(A;OICIID;FA;;;SY)(A;OICIID;FA;;;BA)(A;OICIIOID;GA;;;CO)(A;OICIID;0x1200a9;;;BU)(A;CIID;DCLCRPCR;;;BU)
C:\ProgramData\Verdura\rollback	protected=False	owner=BUILTIN\Administrators	O:BAG:S-1-5-21-160777116-34683011-1598780446-513D:AI(A;OICIID;FA;;;SY)(A;OICIID;FA;;;BA)(A;OICIIOID;GA;;;CO)(A;OICIID;0x1200a9;;;BU)(A;CIID;DCLCRPCR;;;BU)
C:\ProgramData\Verdura\rollback\pre-migration-20260902	protected=True	owner=DESKTOP-SOKKOQ7\Posmate	O:S-1-5-21-160777116-34683011-1598780446-1001G:S-1-5-21-160777116-34683011-1598780446-513D:PAI(A;OICI;FA;;;SY)(A;OICI;FA;;;BA)(A;OICI;FA;;;S-1-5-21-160777116-34683011-1598780446-1001)
C:\ProgramData\Verdura\README.md	protected=False	owner=DESKTOP-SOKKOQ7\Posmate	O:S-1-5-21-160777116-34683011-1598780446-1001G:S-1-5-21-160777116-34683011-1598780446-513D:AI(A;ID;FA;;;SY)(A;ID;FA;;;BA)(A;ID;FA;;;S-1-5-21-160777116-34683011-1598780446-1001)(A;ID;0x1200a9;;;BU)
