"story_id","epic","title","story_source","tracker_present","story_file_present","declared_status","assessed_status","strongest_evidence","implementation_paths","test_paths","dependencies","gaps","blockers","recommended_action"
"1-1 / E1-S1","E1","Scaffold verdura-api","epics.md + story file","yes (done)","yes","done","VERIFIED_COMPLETE","TYPECHECK_OR_BUILD","backend/ (workspace); docker-compose.yml:4-33 (postgres+redis)","n/a (scaffold story)","none","none material","none","none"
"1-2 / E1-S2","E1","Prisma schema for all entities; initial migration","sprint-status.yaml only","yes (done)","no","done (tracker only)","IMPLEMENTED_UNVERIFIED","STATIC_SOURCE_INSPECTION","backend/prisma/schema.prisma (18 models, 14 enums confirmed present)","none found","1-1","No story file exists to check AC against","none","File a retroactive story or accept as documented scaffold"
"1-3 / E1-S3","E1","Prisma JSONB fields (MenuItem/OrderItem/AuditLog/POSSyncRecord/Venue)","sprint-status.yaml only","yes (done)","no","done (tracker only)","IMPLEMENTED_UNVERIFIED","STATIC_SOURCE_INSPECTION","backend/prisma/schema.prisma (JSONB columns present)","none found","1-2","No story file","none","Same as 1-2"
"1-4 / E1-S4","E1","BullMQ setup with named queues; health check endpoint","epics.md + story file","yes (done)","yes","ready-for-dev (story file) vs done (tracker) — DISCREPANCY","VERIFIED_COMPLETE","UNIT_OR_MOCK","backend/src/health/health.controller.ts, health.service.ts; backend/src/queue/queue.module.ts","health.controller.spec.ts, health.service.spec.ts, prisma.service.spec.ts, queue.module.spec.ts","1-1","Story file Status/checkboxes never updated after real implementation landed — documentation lag, not fabricated completion","none","Correct story file Status field to done"
"E1-S5","E1","Automated CI pipeline (lint, typecheck, test on PR)","epics.md only","yes (backlog)","no","backlog","NOT_STARTED","DOCUMENTATION_ONLY","none","none","1-1","No CI workflow directory exists anywhere in repo","none","Already correctly tracked as P1 in deferred-work.md"
"1-6 / E1-S6","E1","Scaffold verdura-admin","sprint-status.yaml (absorbed by 2-6)","yes (done)","no","done","VERIFIED_COMPLETE","STATIC_SOURCE_INSPECTION","admin-frontend/ workspace (package.json, tsconfig, vite config)","none (scaffold)","1-1","none material","none","none"
"1-7 / E1-S7","E1","Scaffold verdura-kiosk","epics.md + story file","yes (done)","yes","done","VERIFIED_COMPLETE","TYPECHECK_OR_BUILD","kiosk-frontend/ workspace","n/a (scaffold)","1-1","none","none","none"
"E1-S8","E1","Scaffold verdura-printer-service (separate on-premise process)","epics.md only","yes (backlog)","no","backlog","NOT_STARTED","DOCUMENTATION_ONLY","backend/src/printer/* exists but is a backend-hosted NestJS module, NOT a separate on-premise process","printer-jobs.service.spec.ts (tests the backend module, not a standalone agent)","1-1","Architecture diverged from original story intent without a formal supersession record","none","Formally supersede citing DL-054, or file a real standalone-process story"
"E1-S9","E1","Scaffold verdura-pos-agent (separate on-premise process, NullAdapter)","epics.md only","yes (backlog)","no","backlog","NOT_STARTED","DOCUMENTATION_ONLY","backend/src/pos-sync/* is backend-hosted, not a separate process","pos-sync.processor.spec.ts (tests the backend module)","1-1; story 2-9; DL-064","Same architectural-divergence gap as E1-S8; no verdura-pos-agent package exists (root package.json workspaces confirm only backend/customer-frontend/admin-frontend/kiosk-frontend/tablet-frontend)","DL-064; story 2-9","Same as E1-S8"
"E1-S10","E1","Docker Compose for local development (all services)","epics.md only","yes (backlog, stale)","no","backlog (tracker, stale)","VERIFIED_COMPLETE","STATIC_SOURCE_INSPECTION","docker-compose.yml (postgres, redis, backend, customer, kiosk, kds, admin, tablet — broader than original AC)","none (compose files aren't unit-tested)","1-1","Tracker still says backlog despite being done and more complete than scoped — pure tracker staleness","none","Update sprint-status.yaml to done; retroactively file/close a story"
"E1-S11","E1","Data migration script — seed PostgreSQL from menuItems.json/categories.json (float->cents)","epics.md only","yes (backlog)","no","backlog","PARTIALLY_COMPLETE","STATIC_SOURCE_INSPECTION","scripts/validate-menu.mjs (cross-package consistency checker, not a DB-seeding migration); backend/prisma/seed.ts (seeds Organization+Staff only)","none found","1-1, 1-2","No evidence of a one-time float->cents PostgreSQL seed/migration script for the original JSON source files; menu data may now originate from a newer canonical source (shared/menu/) superseding the original JSON","none","File a real story if menu seeding is still needed, or record a decision that menu data source has moved"
"(unstoried)","E1/E2","POST /api/auth/admin-pin (PIN-based admin console login)","none (no epics.md story, no implementation-artifact story)","no","no","not tracked","VERIFIED_COMPLETE (but no controlling story)","UNIT_OR_MOCK","backend/src/auth/auth.controller.ts:50-65 (loginWithAdminPin); auth.service.ts:74 (validateAdminPin); dto/admin-pin-login.dto.ts; app.module.ts (ADMIN_CONSOLE_PIN/EMAIL, fail-closed when absent)","backend/src/auth/auth.controller.spec.ts (admin-pin cases present)","2-1, 2-2","Single biggest implemented-with-no-controlling-story finding in E1/E2 scope; replaced the email/password login story 2-6 describes with no decision record","none","File a retroactive story capturing real AC; record a security decision on shared-PIN vs per-user credential model"
"2-1 / E2-S1","E2","Staff entity, password hashing (Argon2id), seed owner account","epics.md + story file","yes (done)","yes","in-progress (story file) vs done (tracker) — DISCREPANCY","VERIFIED_COMPLETE","UNIT_OR_MOCK","backend/src/staff/staff.service.ts (create/findByEmail/findById/verifyPassword); backend/prisma/seed.ts","staff.service.spec.ts (14 tests, exceeds AC's 5)","1-2","Story file never updated after real completion — documentation lag","none","Correct story file Status + checkboxes"
"2-2 / E2-S2","E2","JWT issuance (15-min access) + HttpOnly refresh cookie (7-day)","epics.md + story file","yes (done)","yes","done","VERIFIED_COMPLETE","UNIT_OR_MOCK","backend/src/auth/auth.service.ts, strategies/jwt.strategy.ts, guards/jwt-auth.guard.ts","auth.service.spec.ts, jwt.strategy.spec.ts, jwt-auth.guard.spec.ts","2-1","none material","none","none"
"2-3 / E2-S3","E2","POST /api/auth/login, /refresh, /logout","epics.md + story file","yes (done)","yes","done","VERIFIED_COMPLETE","UNIT_OR_MOCK","backend/src/auth/auth.controller.ts; strategies/jwt-refresh.strategy.ts; guards/jwt-refresh.guard.ts","auth.controller.spec.ts, jwt-refresh.strategy.spec.ts, jwt-refresh.guard.spec.ts","2-2, 2-1","Frontend consumer of email/password login no longer exists (see 2-6 finding); backend endpoint intact and tested","none","Confirm whether email/password login is still a supported path given admin UI now uses admin-pin"
"2-4 / E2-S4","E2","NestJS @Roles() guard — ROLE_PERMISSIONS matrix","epics.md + story file","yes (done)","yes","done","VERIFIED_COMPLETE","UNIT_OR_MOCK","backend/src/auth/decorators/roles.decorator.ts, guards/roles.guard.ts","roles.guard.spec.ts (9 tests, exceeds AC's 4 scenarios)","2-2","none material","none","none"
"2-5 / E2-S5","E2","Rate limiting on auth endpoints (10/15min/IP)","epics.md + story file","yes (done)","yes","done","VERIFIED_COMPLETE","UNIT_OR_MOCK","backend/src/auth/guards/rate-limit.guard.ts; redis/redis.module.ts","rate-limit.guard.spec.ts (9 tests)","2-2","Fail-open-on-Redis-error is a disclosed, already-accepted trade-off (deferred-work.md)","none","none beyond existing deferred-work.md entry"
"2-6 / E2-S6","E2","Admin Dashboard login page (email + password form)","epics.md + story file","yes (done)","yes","review (story file, all tasks checked) vs done (tracker) — DISCREPANCY","PARTIALLY_COMPLETE — OVERSTATED","BROWSER_UI (negative evidence) + STATIC_SOURCE_INSPECTION","admin-frontend/src/components/auth/{ProtectedRoute.tsx, AdminPinGate.tsx} exist and are real; admin-frontend/src/pages/login/LoginPage.tsx DOES NOT EXIST anywhere in the repo","ProtectedRoute.test.tsx, AdminPinGate.test.tsx (test the actual PIN flow, not the described email/password form)","2-3","Story's own acceptance criteria (email/password form, zod validation, specific 401/429/generic error banner copy) are not satisfiable against current source — feature was replaced by an undocumented PIN-gate design with no decision record","none","File a new story documenting the actual PIN-console design and its real AC; correct 2-6's status to reflect what was actually shipped; record a decision entry explaining the pivot"
"2-7 / E2-S7","E2","Edge Function / CDN middleware — unauthenticated redirect to /login","epics.md + story file","yes (done)","yes","done","COMPONENT_COMPLETE","STATIC_SOURCE_INSPECTION","admin-frontend/middleware.ts, admin-frontend/vercel.json","none (edge middleware isn't unit-tested)","2-2","No reproducible evidence of an actual live Vercel deployment (AC6/AC7 require a live curl -I check); this component now gates a PIN-based UI, not the email/password UI it was built to protect","none","Downgrade strongest-evidence claim to code-only; do not claim production deployment verified"
"2-8 / E2-S8","E2","Audit log on login/login_failed/logout/password_changed events","epics.md + story file","yes (done)","yes","done","VERIFIED_COMPLETE","UNIT_OR_MOCK","backend/src/audit/audit.service.ts; wired into auth.service.ts at 4 call sites (lines 56,93,181,205)","audit.service.spec.ts","2-3, 2-1","none material (write path only — no read endpoint, see E10-S5)","none","none"
"2-9 / E2-S9","E2","Internal service auth — Enterprise Venue Connector Identity","epics.md + story file","yes (backlog)","yes","backlog","NOT_STARTED","DOCUMENTATION_ONLY","backend/src/auth/guards/service-token.guard.ts (explicitly-transitional scaffolding this story replaces)","service-token.guard.spec.ts (tests the transitional guard only)","2-2, 2-4","Correctly and honestly marked backlog; matches DL-064/DL-068 sequencing","story 9-2 (Idealpos tracer) depends on this","none — status accurate as-is"
"(unstoried)","E1","backend/src/staff has no controller (no admin HTTP surface for staff mgmt)","deferred-work.md (already tracked)","n/a","n/a","n/a","NOT_STARTED","STATIC_SOURCE_INSPECTION","backend/src/staff/ (only staff.module.ts, staff.service.ts, dto/ — no staff.controller.ts)","none (nothing to test)","2-1","admin-frontend's StaffPage.tsx cannot be backed by a real API","none","already tracked in deferred-work.md — cross-referenced from E10-S4"
"3-1 / E3-S1","E3","Venue CRUD API; seed Verdura Auckland venue","epics.md + story file","yes (done)","yes","done","VERIFIED_COMPLETE","UNIT_OR_MOCK","backend/src/venues/venues.controller.ts, venues.service.ts","venues.controller.spec.ts, venues.service.spec.ts","1-2","No real-Postgres integration test found for venues (unlike orders/reservations)","none","Add real-Postgres integration test for tenancy isolation"
"3-2 / E3-S2","E3","Table CRUD API; seed tables from venue config","epics.md + story file","yes (done)","yes","done","VERIFIED_COMPLETE","UNIT_OR_MOCK","backend/src/tables/tables.controller.ts (RBAC: admin-only mutate), tables.service.ts","tables.controller.spec.ts, tables.service.spec.ts","1-2, 3-1","No real-Postgres integration test","none","Add integration test"
"3-3 / E3-S3","E3","Admin Dashboard — Venue Settings page","epics.md + story file","yes (done)","yes","done","VERIFIED_COMPLETE","STATIC_SOURCE_INSPECTION (BROWSER_UI claimed, not re-verified live)","admin-frontend/src/pages/Venue/VenueSettingsPage.tsx","none found for this page","3-1","No frontend test coverage","none","Add component test"
"3-4 / E3-S4","E3","Admin Dashboard — Table Management page","epics.md + story file","yes (done)","yes","done","UNCLEAR","STATIC_SOURCE_INSPECTION","TWO live, differently-sized, simultaneously-routed implementations: admin-frontend/src/pages/table-management/TableManagementPage.tsx (832 lines, routed /table-management as LiveTableManagementPage import alias) AND admin-frontend/src/pages/settings/TableManagementPage.tsx (495 lines, routed /settings/tables) — CONFIRMED real duplicate-component situation (two files export the same component name, disambiguated only by import alias), not a naming typo","none found for either page","3-2","Story 3-4's original scope is ambiguous against which of two real, reachable pages is 'the' implementation","none","HUMAN DECISION REQUIRED: consolidate the two TableManagementPage components or explicitly document why both coexist"
"3-5 / E3-S5","E3","Kiosk table selection view","epics.md + story file","yes (done)","yes","done","VERIFIED_COMPLETE","UNIT_OR_MOCK + STATIC_SOURCE_INSPECTION","backend/src/kiosk/kiosk.controller.ts:11-28 (GET /kiosk/venues/:venueId/tables); kiosk-frontend/src/pages/TableSelectionPage.tsx","NONE — no kiosk.controller.spec.ts exists at all","3-2","Kiosk controller (tables AND menu endpoints) has zero test coverage","none","Add unit/integration tests for KioskController"
"(unstoried)","E3","FloorPlan model (dormant)","schema only","n/a","no","n/a","NOT_STARTED","STATIC_SOURCE_INSPECTION","backend/prisma/schema.prisma:218 (model FloorPlan)","none","none","Model defined, zero backend references (grep -rln FloorPlan backend/src/ -> empty); no controller/service uses it","none","File a story before removing or implementing, so historical intent is explainable"
"4-1 / E4-S1","E4","Category CRUD API","epics.md + story file","yes (done)","yes","done","VERIFIED_COMPLETE","UNIT_OR_MOCK","backend/src/menu/categories.controller.ts, categories.service.ts (RBAC: create/update=admin+manager, delete=admin-only)","categories.controller.spec.ts, categories.service.spec.ts","1-2,2-x,3-1","none material","none","none"
"4-2 / E4-S2","E4","MenuItem CRUD API","epics.md + story file","yes (done)","yes","done","VERIFIED_COMPLETE","REAL_POSTGRES","backend/src/menu/menu-items.controller.ts, menu-items.service.ts","menu-items.controller.spec.ts, menu-items.service.spec.ts; backend/test/menu.integration-spec.ts","4-1","Story 4-2's own deferred-work entry (2026-06-20) said delete was hard-delete; code now shows SOFT delete (menu-items.service.ts:89-93, sets deletedAt) with no story recording this later change","none","Document the soft-delete conversion (satisfies E4-S8 in substance) in a story/decision note"
"4-3 / E4-S3","E4","Admin Dashboard — Category list + CRUD + reorder","epics.md + story file","yes (done)","yes","done","IMPLEMENTED_UNVERIFIED","STATIC_SOURCE_INSPECTION","Likely folded into admin-frontend/src/pages/menu/MenuManagementPage.tsx — no standalone Category page file found","none","4-1","Cannot confirm reorder (sortOrder) UI still exists as a distinct feature vs. merged/dropped during later UI consolidation","none","Verify MenuManagementPage still exposes category reorder"
"E4-S4","E4","Admin Dashboard — MenuItem list per category with create/edit/delete","epics.md only","no","no","not tracked","COMPONENT_COMPLETE (folded into MenuManagementPage)","STATIC_SOURCE_INSPECTION","admin-frontend/src/pages/menu/MenuManagementPage.tsx","none","4-1,4-2","No story file records this scope; UI exists but unverified live","none","File a retroactive story or note in deferred-work.md"
"E4-S5","E4","MenuItem form: nutritionalDetails + modifierGroups","epics.md only","no","no","not tracked","PARTIALLY_COMPLETE","STATIC_SOURCE_INSPECTION","backend/src/menu/dto/create-menu-item.dto.ts:51,55 (nutritionalDetails/modifierGroups typed as untyped Record<string,object>/object[])","menu-items.service.spec.ts (validates presence, not shape)","4-1","epics.md AC requires nutritionalDetails.allergens to be Allergen-enum-validated (422 on invalid) — DTOs show untyped objects, no enum validation confirmed wired","none","File story to add ModifierGroupDto/NutritionalDetailsDto with real validation"
"E4-S6","E4","Media Module — POST /api/admin/media/upload (sharp resize -> webp -> S3)","epics.md only","no","no","not tracked","PARTIALLY_COMPLETE","UNIT_OR_MOCK","backend/src/media/media.service.ts — real, working LOCAL-FILESYSTEM upload (RBAC, 5MB limit, MIME allowlist, path-traversal-safe key resolution) but NOT DL-026's S3+CloudFront+sharp design: no S3 client, no sharp import, no resize, no webp conversion","media.service.spec.ts (16 tests)","4-1,4-2","Materially deviates from DL-026 and the epic AC ('Upload a 5MB JPEG -> stored as webp at max 1200px') — stores original bytes/mimetype as-is","none","Either update DL-026 to reflect the local-storage decision, or file a story to add resize/webp conversion"
"E4-S7","E4","Image upload UI in MenuItem form","epics.md only","no","no","not tracked","COMPONENT_COMPLETE","STATIC_SOURCE_INSPECTION","admin-frontend/src/pages/menu/MenuManagementPage.tsx:377 (real POST to /api/admin/media/menu-items)","none","E4-S6","Inherits E4-S6's resize/webp gap","none","none beyond E4-S6"
"E4-S8","E4","Soft delete for MenuItems (deletedAt); inactive flag for Categories","epics.md only","no","no","not tracked","COMPONENT_COMPLETE","UNIT_OR_MOCK","backend/src/menu/menu-items.service.ts:89-93 (remove() sets deletedAt; queries filter deletedAt:null)","menu-items.service.spec.ts","4-2","No story records this; original 4-2 story explicitly said delete was hard-delete — drifted without documentation","none","File retroactive story"
"E4-S9","E4","Kiosk menu API — GET /api/kiosk/menu (active items by category)","epics.md only","no","no","not tracked","COMPONENT_COMPLETE","STATIC_SOURCE_INSPECTION","backend/src/kiosk/kiosk.controller.ts:30-62 (GET /kiosk/venues/:venueId/menu — merges venue overrides, filters soft-deleted/inactive)","NONE","4-1,4-2,E4-S10,E3","Zero test coverage for this endpoint","none","Add tests"
"E4-S10","E4","MenuItemVenueOverride API (price/availability per venue)","epics.md only","no","no","not tracked","PARTIALLY_COMPLETE","STATIC_SOURCE_INSPECTION","backend/prisma/schema.prisma:387-399 (model exists); kiosk.controller.ts (read path only)","none","4-1,4-2,3-1","Read path exists; no admin CRUD controller/service found for creating/editing overrides — overrides can't currently be created except by manual DB insert","none","File story for admin override CRUD"
"E4-S11","E4","Public Website Menu Integration (live API, no static JSON)","epics.md only","no","no","not tracked","VERIFIED_COMPLETE","STATIC_SOURCE_INSPECTION","customer-frontend/src/shared/menu/menuClient.js:34 (real fetch to /api/kiosk/venues/:venueId/menu); static menuItems.json/categories.json confirmed removed","none found","E4-S9","No story file records this; matches DL-051 mandate","none","File retroactive story"
"5-1 / E5-S1","E5","Reservation CRUD API; booking ref generation (VR-NNNN)","epics.md + story file","yes (done)","yes","done","COMPONENT_COMPLETE","REAL_POSTGRES (reproducible, not re-run this session)","backend/src/reservations/reservations.service.ts, reservations.controller.ts, dto/create-reservation.dto.ts","backend/test/reservations.integration-spec.ts, reservations.service.spec.ts, reservations.controller.spec.ts","1-2,2-x,3-1","none material found this pass","none","none"
"5-2 / E5-S2","E5","Reservation status FSM API","epics.md + story file","yes (done)","yes","done","COMPONENT_COMPLETE","REAL_POSTGRES (reproducible)","backend/src/reservations/reservations.service.ts (FSM logic), dto/transition-reservation.dto.ts","backend/test/reservations.integration-spec.ts","5-1","not independently re-verified this pass","none","none"
"5-3 / E5-S3","E5","Capacity enforcement (configurable covers-per-slot)","epics.md + story file","yes (done)","yes","done","PARTIALLY_COMPLETE","REAL_POSTGRES (reproducible)","backend/src/reservations/reservations.service.ts","backend/test/reservations.integration-spec.ts","5-1","Documented (deferred-work.md, pre-existing) as a check-then-act race, not DB-enforced — P2 finding","none","File/execute the race-condition fix as its own small story"
"5-4 / E5-S4","E5","Email on confirmation and cancellation (Resend)","epics.md + story file","yes (review)","yes","review","IMPLEMENTED_UNVERIFIED","UNIT_OR_MOCK","backend/src/email/email.service.ts, queue/processors/emails.processor.ts","email.service.spec.ts, emails.processor.spec.ts","5-1,5-2","Declared review, never promoted to done; no independent-review record confirmed in story file this pass","none","Open story file fully to confirm review outcome before treating as done"
"5-5 / E5-S5","E5","Admin Dashboard — Reservations list","epics.md + story file","yes (done)","yes","done","PARTIALLY_COMPLETE","STATIC_SOURCE_INSPECTION (independent review found hardcoded mock-fallback data mixed with real fetch)","admin-frontend/src/pages/reservations/ReservationsPage.tsx","not identified this pass","5-1","Independent review (2026-08-16): ReservationsPage.tsx:848-858,867-896 blends real fetched data with hardcoded mock-fallback numbers whenever real values are falsy (todayRes||48, arriving30||6, seated||18, pending||5, noShow||1), a hardcoded capacityPercent=70 ('Hardcoded to match mockup 70% perfectly'), and hand-tuned bar-chart widths for specific time slots ('Hardcode ratios for matching mockup perfectly at 1:00 PM slot'). This is real fetched data with baked-in mock fallbacks in the same component, not a pure prototype — but the original 'none material found this pass' gap note was wrong.","none","Remove hardcoded fallback numbers and hand-tuned chart-width overrides; if real data is unavailable, show an explicit empty/loading state instead of a plausible-looking fake number"
"E5-S6","E5","Admin Dashboard — Reservation detail + manual status update","epics.md only","no","no","not tracked","UNCLEAR","STATIC_SOURCE_INSPECTION","admin-frontend/src/pages/reservations/ReservationsPage.tsx (likely covers this, not confirmed)","none identified","5-1,5-2","No story file to define AC; functionality may exist inside 5-5's page but untracked","none","File a story or fold explicitly into 5-5's scope record"
"E5-S7","E5","Admin Dashboard — Daily email settings page","epics.md only","no","no","not tracked","NOT_STARTED","DOCUMENTATION_ONLY","none found","none","5-4","No admin UI for daily-summary email settings found","none","File story if still required"
"E5-S8","E5","Daily summary email (BullMQ scheduled job, midnight NZT)","epics.md only","no","no","not tracked","NOT_STARTED","DOCUMENTATION_ONLY","none found","none","1-4, 5-4","No cron/repeatable job registered anywhere in backend/src/queue; EmailsProcessor has no daily-summary job type","none","File story"
"5-9 / E5-S9","E5","Remove /admin/daily-email from public site App.jsx","epics.md only","no","no","not tracked (AC satisfied without a story file)","COMPONENT_COMPLETE (route removal) / PARTIALLY_COMPLETE (dead file left behind)","STATIC_SOURCE_INSPECTION","customer-frontend/src/App.jsx (route confirmed absent — only /,/menu,/book,/about,/contact,404)","none","none","customer-frontend/src/pages/AdminDailyEmail.jsx still exists as an unrouted dead file","none","Delete dead file as cleanup"
"E5-S10","E5","Payment entity; manual confirm for bank transfer / pay-at-restaurant","epics.md only","no","no","not tracked","PARTIALLY_COMPLETE","STATIC_SOURCE_INSPECTION","backend/prisma/schema.prisma (model Payment, model-only)","none","5-1","Payment model exists but zero business logic wired to reservations.service.ts/controller.ts — no manual-confirm workflow","none","File story to implement manual-confirm workflow"
"E14-S1","E14","Remove Airtable simulation/mock hooks from apiClient.js","epics.md only","no","no","not tracked","VERIFIED_COMPLETE (as side effect of rebuild)","STATIC_SOURCE_INSPECTION","grep -rli airtable across repo (excl. node_modules/.git) -> zero hits outside docs/","n/a","none","Never tracked as its own story; satisfied incidentally by the ground-up NestJS/Postgres rebuild (DL-052/DL-053)","none","Retroactively mark superseded-by-rebuild in tracker; no code action needed"
"E14-S2","E14","Remove pending_calendar_events table / PendingCalendarEvents.jsx","epics.md only","no","no","not tracked","PARTIALLY_COMPLETE","STATIC_SOURCE_INSPECTION","grep pending_calendar_events -> zero hits anywhere (schema-level AC met); customer-frontend/src/components/admin/PendingCalendarEvents.jsx STILL EXISTS (orphaned, unimported, dead)","n/a","none","Dead file not deleted despite AC explicitly requiring file removal","none","Delete the orphaned file"
"E14-S3","E14","Decommission sync-calendar/getPendingCalendarEvents Deno edge functions","epics.md only","no","no","not tracked","VERIFIED_COMPLETE (as side effect)","STATIC_SOURCE_INSPECTION","no Supabase/Deno edge functions exist anywhere in this repo (NestJS rebuild)","n/a","none","Never tracked; satisfied incidentally","none","Mark superseded-by-rebuild"
"E14-S4","E14","Direct synchronous Google Calendar API integration (NestJS)","epics.md only","no","no","not tracked","NOT_STARTED","DOCUMENTATION_ONLY","no Google Calendar client/integration code found in backend/src","n/a","none","Not implemented; unclear if still required (no calendar sync mentioned elsewhere in current architecture docs)","Product decision: is calendar sync still required?","File story or formally drop if no longer a requirement"
"6-1","E6","Order idempotency + payment-reference linkage (tracer, first slice of E6-S1)","epics.md E6 banner + story file","yes (done)","yes","done","COMPONENT_COMPLETE","REAL_POSTGRES","backend/src/orders/orders.service.ts:61-703 (idempotency key + payment-ref unique constraints, P2002 recovery for 3 collision types, bounded retry on PK collision)","backend/src/orders/orders.service.spec.ts, backend/test/orders.integration-spec.ts","none blocking","Genuinely deep, real-Postgres-verified idempotency/concurrency logic; scope intentionally narrow (idempotency+payment-ref only, not full E6-S1)","none","Accept as component-complete; do not conflate with full E6-S1"
"E6-S1 (remainder)","E6","Idempotent Order+OrderItem submission API with transactional outbox for POS/KDS/KOT","epics.md","no","no","not tracked","COMPONENT_COMPLETE (persistence) — dispatch gap","REAL_POSTGRES (persistence) / UNIT_OR_MOCK at best (dispatch)","backend/src/orders/orders.service.ts:persistOrder (Order+OrderItem+POSSyncRecord+PrinterJob all created in one $transaction — genuine transactional outbox)","backend/test/orders.integration-spec.ts","6-1","Outbox PERSISTENCE is real and transactional; outbox DISPATCH (enqueue to BullMQ) does not exist — zero InjectQueue/.add() matches in backend/src/orders/","Dispatch wiring is a first-time production behavior change per 8-1/9-1's own stated scope boundary","File a dedicated 'wire the outbox dispatch' story before claiming E6-S1 complete"
"E6-S2","E6","Order status FSM API (pending->confirmed->preparing->ready->completed/cancelled)","epics.md","no","no","not tracked","VERIFIED_COMPLETE (as embedded logic, not a separate API)","REAL_POSTGRES-adjacent (unit+integration)","backend/src/orders/orders.service.ts:730-794,1186-1196 (validateOrderStatusTransition, full state machine, audit log + WS broadcast on transition)","orders.service.spec.ts (updateStatus describe block: valid/invalid transitions)","6-1","Implemented as part of OrdersService, not a standalone FSM module — matches epics.md intent functionally","none","Reclassify epics.md's story boundary to match reality"
"E6-S3","E6","WebSocket gateway — push order events to venue:{venueId}:orders room","epics.md","no","no","not tracked","VERIFIED_COMPLETE","REAL_POSTGRES-adjacent + BROWSER_UI (real socket.io-client consumer confirmed)","backend/src/orders/orders.gateway.ts (JWT-authenticated handshake, joinVenue, dual room broadcast to :orders and :kds); consumed by kiosk-frontend/src/pages/KdsPage.tsx:161-191","orders.gateway.spec.ts","6-1","Real, working, authenticated WS push with a real frontend consumer — one of the strongest pieces of evidence in this epic","none","none"
"E6-S4","E6","Dual checkout flow (in-person Idealpos/KDS/KOT vs. online verified payment)","epics.md","no","no","not tracked","PARTIALLY_COMPLETE","REAL_POSTGRES (order creation) / real Stripe SDK calls but only exercised outside NODE_ENV=test","orders.service.ts:61-185 (kiosk/Stripe path), :193-289 (staff/dine-in path), :796-857 (Stripe Terminal connection-token+PaymentIntent, real amount/currency/status checks); verifyKioskPayment short-circuits when NODE_ENV=test (orders.service.ts:840)","orders.controller.spec.ts, orders.service.spec.ts (all mock Stripe)","6-1","The in-person 'submit to Idealpos' half does not exist (Idealpos submission is E9, separately blocked) — 'dual checkout flow' as epics.md frames it is not achievable yet; only the Verdura-side halves exist","Idealpos submission blocked on DL-064","Do not claim E6-S4 done until Idealpos submission exists; today it is Verdura-side-only"
"E6-S5","E6","Kiosk confirmation screen (order ref, wait estimate, return-to-menu)","epics.md","no","no","not tracked","IMPLEMENTED_UNVERIFIED","STATIC_SOURCE_INSPECTION","kiosk-frontend/src/pages/KioskOrderPage.tsx (checkoutStep state incl. 'success')","none found","E6-S4","UI states exist in source; no test coverage, not run in a browser this session","none","Manual/browser verification needed before claiming complete"
"E6-S6","E6","Kiosk IndexedDB offline queue (payment-succeeded queueing only)","epics.md","no","no","not tracked","NOT_STARTED","DOCUMENTATION_ONLY (absence confirmed)","none","none","E6-S4","Zero matches for indexedDB/idb/dexie anywhere in kiosk-frontend/src or its package.json","none","Not started; needs its own story"
"E6-S7","E6","Kiosk idle timeout (3-minute countdown -> return to menu)","epics.md","no","no","not tracked","NOT_STARTED","DOCUMENTATION_ONLY (absence confirmed)","none","none","none","Zero matches for idle-timer/inactivity patterns in kiosk-frontend/src","none","Not started"
"E6-S8","E6","Allergen display per menu item on kiosk","epics.md","no","no","not tracked","NOT_STARTED","DOCUMENTATION_ONLY (absence confirmed)","none","none","E4 (nutritionalDetails schema exists)","Zero matches for 'allergen' anywhere in kiosk-frontend/src despite MenuItem.nutritionalDetails.allergens existing in the Prisma schema","none","Not started; backend data model is ready, only the kiosk UI is missing"
"E6-S9","E6","Provider-neutral online payment adapter (Stripe default)","epics.md","no","no","not tracked","PARTIALLY_COMPLETE","STATIC_SOURCE_INSPECTION (real Stripe SDK, no executed real-provider evidence)","orders.service.ts:796-857","none real (all mocked)","6-1","Real Stripe Terminal/PaymentIntent code exists and fails closed on missing/dummy key, but it is Stripe-only — no adapter abstraction, no alternate Verifone/Oolio path, never exercised against a real Stripe sandbox","Verifone/Oolio ecommerce availability unconfirmed (target-operating-model.md §8)","Do not claim 'provider-neutral' — it is Stripe-specific today"
"E6-S10","E6","Venue-bind kiosk order-submission credentials (replace open venueId)","epics.md; deferred-work.md (already tracked P1)","backlog note only","no","backlog (deferred-work.md)","NOT_STARTED","STATIC_SOURCE_INSPECTION (confirms the gap)","kiosk-frontend/src/pages/KioskOrderPage.tsx:115,227 (venueId: VENUE_ID, a fixed frontend constant); orders.controller.ts:39 create() has NO guard at all","none","2-9","POST kiosk/orders is fully unauthenticated and trusts a client-supplied venueId; KDS-token venue-binding pattern used elsewhere is not applied here","none technical; a design/priority decision","Already correctly tracked as P1 in deferred-work.md"
"(unstoried)","E6","Stripe Terminal card-present tap-to-pay flow","none","no","no","not tracked","PARTIALLY_COMPLETE","STATIC_SOURCE_INSPECTION","orders.controller.ts:43-55, orders.service.ts:796-832","none","E6-S9","Real, unmocked Stripe Terminal SDK usage exists with no controlling epics.md story at all — implemented ahead of any requirement; rate-limited but otherwise unauthenticated (@Post kiosk/stripe/... has no auth guard)","none","File a retroactive story, or fold into E6-S9/E6-S4 explicitly"
"E7-S1","E7","KDS page — WebSocket consumer for venue:{venueId}:orders room","epics.md","no (epic-7: backlog, no stories listed)","no","not tracked","COMPONENT_COMPLETE","UNIT_OR_MOCK (no integration/e2e test found)","kiosk-frontend/src/pages/KdsPage.tsx; admin-frontend/src/pages/kitchen/KitchenDisplayPage.tsx (TWO independent real implementations, not shared); backend/src/orders/orders.gateway.ts:75,119-120","none found","E6 orders","No story file; two independent implementations exist, not one — genuine duplication, both real (non-mock), both connect to the same backend","none","File a story retroactively documenting both KDS surfaces or consolidate"
"E7-S2","E7","Order cards (id, table, items, modifiers, notes, timestamp)","epics.md","no","no","not tracked","COMPONENT_COMPLETE","STATIC_SOURCE_INSPECTION","KdsPage.tsx:401-546; KitchenDisplayPage.tsx (ticket rendering)","none found","E7-S1","Untested","none","Add UI/e2e test"
"E7-S3","E7","Status transition buttons (pending->preparing->ready)","epics.md","no","no","not tracked","COMPONENT_COMPLETE","STATIC_SOURCE_INSPECTION","KdsPage.tsx:223-261 (startPrepItem/markReadyItem/advance/cancel)","none found","E7-S1","Untested","none","Add UI/e2e test"
"E7-S4","E7","Age-based colour coding (green/amber 10min/red 20min, configurable)","epics.md","no","no","not tracked","COMPONENT_COMPLETE","STATIC_SOURCE_INSPECTION","KdsPage.tsx:94-106 (elapsedColor/elapsedBorder)","none found","E7-S1","Thresholds implemented as 8/15min vs. epics.md's specified 10/20min, and not configurable — minor spec drift","none","Reconcile thresholds or make configurable per epics.md wording"
"E7-S5","E7","Audible alert (browser audio) on new order arrival","epics.md","no","no","not tracked","NOT_STARTED","DOCUMENTATION_ONLY","none found in KdsPage.tsx or KitchenDisplayPage.tsx","none","E7-S1","No Audio/beep code found anywhere searched","none","File and implement as its own story"
"E7-S6","E7","Staff PIN entry on first load for venue-scoped token","epics.md","no","no","not tracked","COMPONENT_COMPLETE","UNIT_OR_MOCK","backend/src/auth/kds-auth.controller.ts, kds-auth.service.ts; kiosk-frontend & admin-frontend KdsPinGate.tsx (duplicated, not shared component)","backend/src/auth/kds-auth.service.spec.ts (108 lines)","none","Fails closed if KDS_VENUE_PINS unset (good); two divergent frontend gate components (not shared)","none","Consolidate PIN-gate component into a shared package; file retroactive story"
"E7-S7","E7","Offline mode — display existing orders, reconnect automatically","epics.md","no","no","not tracked","COMPONENT_COMPLETE","STATIC_SOURCE_INSPECTION","KdsPage.tsx:158-192 (reconnection:true, reconnectionAttempts:Infinity), offline banner :373-382","none found","E7-S1","No automated test of reconnect behaviour","none","Add reconnect integration test"
"8-1","E8","Printer truthful-states tracer bullet","epics.md E8 banner + story file","yes (done)","yes","done","VERIFIED_COMPLETE (for its own frozen scope)","REAL_POSTGRES (per story's own Dev Agent Record: 55/55 integration, 327/327 unit — not independently re-executed this audit)","backend/src/printer/*.ts; backend/src/queue/processors/print-jobs.processor.ts (real net.Socket:234, classified/sanitized errors:15-37)","backend/src/printer/printer-jobs.service.spec.ts; backend/test/printer-jobs.integration-spec.ts","none blocking","Story's own scope explicitly excludes queue-feeding (deliberately dormant) and real hardware validation","none for its own scope","Do not reopen; E8-S1-S9 remain separate"
"E8-S1","E8","verdura-printer-service — outbound connector session per venue","epics.md","no","no","not tracked","NOT_STARTED","DOCUMENTATION_ONLY","none — no standalone connector process/repo exists; print-jobs run in-process in the monolith backend (contradicts intended 'not a direct cloud-to-LAN socket' framing — current code IS a direct socket from the API process)","none","8-1","No standalone connector service exists at all","Windows/on-prem connector architecture not yet extended to printers","File as real story once connector work begins"
"E8-S2","E8","ESC/POS TCP dispatch (escpos + escpos-network)","epics.md (BLOCKED ON: Q2)","no","no","not tracked","BLOCKED","STATIC_SOURCE_INSPECTION","print-jobs.processor.ts has generic net.Socket TCP write, not vendor ESC/POS command formatting","none found for actual ESC/POS byte sequences","hardware confirmation (Q2)","Real hardware protocol unconfirmed","Q2 hardware discovery","Correctly stays blocked"
"E8-S3","E8","Print payload generation in Verdura API (PrintTemplateService)","epics.md","no","no","not tracked","UNCLEAR","STATIC_SOURCE_INSPECTION","not directly located under this name; print-jobs.processor.ts may embed payload logic","none found named PrintTemplateService","none","Could not confirm existence of a dedicated template service within fork's time budget","none","Verify in a follow-up targeted search"
"E8-S4","E8","PrinterJob creation on order submit (one per target printer, outbox)","epics.md","no","no","not tracked","PARTIALLY_COMPLETE","STATIC_SOURCE_INSPECTION","PrinterJob rows created (per 8-1); orders.service.ts:1127 confirms queue .add() never called","backend/test/printer-jobs.integration-spec.ts","8-1","Row created, never dispatched to queue — dormant","none (deliberate per 8-1 scope)","File 'wire the enqueue call' as its own story (already named in deferred-work.md)"
"E8-S5","E8","3-attempt fixed-delay retry logic; failed status + API callback","epics.md","no","no","not tracked","IMPLEMENTED_UNVERIFIED","UNIT_OR_MOCK","not confirmed in files reviewed this pass","print-jobs.processor.spec.ts (exists, not read this pass)","E8-S4","Not verified in this pass","none","Targeted follow-up read of print-jobs.processor.ts retry logic"
"E8-S6","E8","Local encrypted durable offline queue; drain on reconnect","epics.md","no","no","not tracked","NOT_STARTED","DOCUMENTATION_ONLY","no local/on-prem queue code found; only in-process BullMQ against cloud Redis","none","E8-S1","No on-premise component exists at all","E8-S1","File as real story"
"E8-S7","E8","Printer health monitor (30-second poll); status reporting to API","epics.md","no","no","not tracked","NOT_STARTED","DOCUMENTATION_ONLY","none found","none","E8-S1","No polling/health-check code found for printers specifically","none","File as real story"
"E8-S8","E8","Admin Dashboard — Printer Management page","epics.md","no","no","not tracked","PROTOTYPE_OR_MOCK_ONLY","STATIC_SOURCE_INSPECTION","/printers route renders ModulePlaceholderPage (admin-frontend/src/App.tsx:99); real backend endpoints exist (printer.controller.ts, printer-jobs.controller.ts) but unconsumed by any UI","none","E8-S4","No real UI; API endpoints exist but unconsumed","none","Build real UI consuming existing endpoints"
"E8-S9","E8","Category-to-printer routing config (admin UI + API, versioned)","epics.md","no","no","not tracked","NOT_STARTED","DOCUMENTATION_ONLY","none found","none","E8-S8","No routing-config code/UI found","none","File as real story"
"9-1","E9","Truthful POSSyncRecord states (no fabricated Idealpos success) — tracer bullet","epics.md E9 banner + story file","yes (done)","yes","done","VERIFIED_COMPLETE (for its own frozen scope)","REAL_POSTGRES (per story's own Dev Agent Record: 351/351 unit, 75/75 integration; independent review loop complete)","backend/src/queue/processors/pos-sync.processor.ts; backend/src/pos-sync/*","backend/test/pos-sync.integration-spec.ts; pos-sync.processor.spec.ts; pos-sync-records.service.spec.ts","none blocking","Real adapter work remains separately BLOCKED ON DL-064 (E9-S3..S7) — unaffected by this story","none for its own scope","Do not reopen"
"9-2","E9","Idealpos UI-bridge tracer bullet (API-less adapter, non-production)","epics.md E9-S7 realization + story file (written this session, prior task)","yes (blocked)","yes","blocked","BLOCKED","DOCUMENTATION_ONLY","docs/integrations/idealpos.md §12-§21 (proposed architecture only, no code)","none (not implemented)","story 2-9; docs/discovery/idealpos-live-discovery-checklist.md","Correctly blocked on live discovery + connector identity; not started by design","live Windows discovery (not started); story 2-9 (backlog)","none — status accurate as-is"
"E9-S1","E9","POSSyncRecord creation on order submit (transactional outbox)","epics.md","no","no (covered by 9-1's write path + 6-1's outbox)","not tracked","COMPONENT_COMPLETE","REAL_POSTGRES","backend/src/orders/orders.service.ts:1039-1160 (persistOrder writes Order+OrderItem+POSSyncRecord+PrinterJob in one prisma.$transaction)","backend/test/orders.integration-spec.ts","1-2,2-x,6-1","'Dispatched to the connector' half never happens — queue never fed (same gap as E6-S1 remainder/E8-S4)","none for the write path itself","File as done-by-evidence for the write path; note dispatch gap separately"
"E9-S2","E9","verdura-pos-agent NullAdapter (on-premise, local dev only)","epics.md","no","no","not tracked","PARTIALLY_COMPLETE","UNIT_OR_MOCK","backend/src/queue/processors/pos-sync.processor.ts (real NullAdapter-equivalent branching logic, but runs IN-CLOUD, not on-premise)","backend/src/queue/processors/pos-sync.processor.spec.ts","DL-064, 1-1","Wrong architectural location (cloud not on-prem agent); no verdura-pos-agent package exists at all; queue dormant regardless","architecture: no on-premise agent scaffolded","Write a story: scaffold real on-premise agent, or formally supersede this story with the cloud-side design"
"E9-S3","E9","ApiAdapter implementation (VERIFY AGAINST VENDOR DOCS placeholders)","epics.md (BLOCKED ON: Q1)","no","no","not tracked (blocked)","NOT_STARTED","DOCUMENTATION_ONLY","none","none","DL-064","no implementation","DL-064","none — correctly blocked"
"E9-S4","E9","CsvAdapter implementation","epics.md (BLOCKED ON: Q1)","no","no","not tracked (blocked)","NOT_STARTED","DOCUMENTATION_ONLY","none","none","DL-064","no implementation","DL-064","none — correctly blocked"
"E9-S5","E9","SqlAdapter implementation (written vendor approval + recovery testing required)","epics.md (BLOCKED ON: Q1)","no","no","not tracked (blocked)","NOT_STARTED","DOCUMENTATION_ONLY","none","none","DL-064, DL-035","no implementation","DL-064 + written vendor approval","none — correctly blocked"
"E9-S6","E9","OdbcAdapter implementation (Windows only)","epics.md (BLOCKED ON: Q1)","no","no","not tracked (blocked)","NOT_STARTED","DOCUMENTATION_ONLY","none","none","DL-064","no implementation","DL-064","none — correctly blocked"
"E9-S7 / 9-2","E9","LocalAgentAdapter implementation — Windows Connector + Idealpos POS Bridge","epics.md; docs/integrations/idealpos.md §14; story 9-2","no","yes (as 9-2)","blocked","BLOCKED","DOCUMENTATION_ONLY","docs/integrations/idealpos.md §14 (proposed only, no implementation)","none","story 2-9; discovery checklist","no implementation, by design","live discovery + tracer per §19-21","none — correctly blocked, already current"
"E9-S8","E9","5-attempt exponential backoff retry; failed status + API callback","epics.md","no","no","not tracked","NOT_STARTED","DOCUMENTATION_ONLY","no attempts/backoff config found in queue.module.ts/queue.constants.ts for pos-sync","none","E9-S1","Moot while queue dormant","queue never fed","File once real adapter work begins"
"E9-S9","E9","Admin Dashboard — POS sync status widget","epics.md","no","no (API shipped as part of 9-1)","not tracked","PARTIALLY_COMPLETE","REAL_POSTGRES (API) / none (UI)","API: backend/src/pos-sync/pos-sync-records.controller.ts (real); UI: admin-frontend/src/App.tsx:100 routes /pos-sync to ModulePlaceholderPage","backend/src/pos-sync/pos-sync-records.service.spec.ts","9-1","Frontend never consumes the real, already-shipped API","none","Write UI-wiring story consuming existing endpoints"
"E9-S10","E9","Automatic retry scheduler (BullMQ repeatable job, every 5 min)","epics.md","no","no","not tracked","NOT_STARTED","DOCUMENTATION_ONLY","none found","none","E9-S8","no implementation","queue dormant","file later"
"E10-S1","E10","Dashboard home — today's summary (orders/reservations/revenue)","epics.md","no","no","not tracked","PROTOTYPE_OR_MOCK_ONLY","STATIC_SOURCE_INSPECTION","admin-frontend/src/pages/dashboard/DashboardPage.tsx:553-555 (TanStack Query wrapped around Promise.resolve(MOCK_KPI) — architecturally looks like real data-fetching but is 100% static; more deceptive than an obvious hardcoded const)","none","E2,E3,E5,E6","useQuery pattern present but resolves to hardcoded mock, not a real endpoint; no backend summary endpoint exists","none","File real story; add GET /admin/dashboard/summary"
"E10-S2","E10","Live orders view with WebSocket updates and manual status control","epics.md","no","no","not tracked","PARTIALLY_COMPLETE","STATIC_SOURCE_INSPECTION (real wiring, not executed)","admin-frontend/src/shared/orders.ts:162,175,206 (real fetch + real socket.io-client); admin-frontend/src/pages/orders/OrdersPage.tsx; backend/src/orders/orders.controller.ts:60,75,89,98; orders.gateway.ts","backend/src/orders/orders.controller.spec.ts, orders.gateway.spec.ts","E1,E2,E6","DEFAULT_VENUE_ID appears hardcoded — likely not multi-venue-correct; no e2e test proving live WS push works end-to-end","none","File story to verify/fix venue binding, add integration/e2e evidence"
"E10-S3","E10","Reservations list + detail (covered by E5)","epics.md (self-referential to E5)","see 5-x rows","see 5-x rows","see E5","SUPERSEDED_OR_SKIPPED (folded into E5)","see 5-5","see 5-5 row","see 5-5 row","E5","none — intentional epics.md cross-reference, not a gap","none","no separate action needed"
"E10-S4","E10","Staff management — create/edit/deactivate staff; assign roles","epics.md","no","no","not tracked","PROTOTYPE_OR_MOCK_ONLY","STATIC_SOURCE_INSPECTION","admin-frontend/src/pages/staff/StaffPage.tsx (zero API calls, source contains a 'Mock data structures' comment); backend/src/staff/ has NO controller at all","backend/src/staff/staff.service.spec.ts (service only, no controller to test)","E2","No admin HTTP surface at all; UI 100% static","staff.controller.ts does not exist","File real story: build controller + wire UI"
"E10-S5","E10","Audit log view — searchable by actor/entity/date range","epics.md","no","no","not tracked","PROTOTYPE_OR_MOCK_ONLY","STATIC_SOURCE_INSPECTION","admin-frontend/src/pages/audit/AuditLogsPage.tsx (zero API calls); backend/src/audit/ has NO controller (write-only via audit.service.ts, story 2-8)","backend/src/audit/audit.service.spec.ts","2-8","No read endpoint exists at all; UI 100% static","none","File real story: build read endpoint + wire UI"
"E10-S6","E10","Multi-venue switcher (single venue active for MVP, wiring ready)","epics.md","no","no","not tracked","NOT_STARTED","DOCUMENTATION_ONLY","no switcher component found in AdminLayout","none","3-1","not found","none","File later; low priority per epics.md's own 'single venue active for MVP' note"
"E10-S7","E10","Settings — venue configuration, operating hours, capacity (covered by 3-3)","epics.md (self-referential to E3-S3)","see 3-3","see 3-3","see 3-3","SUPERSEDED_OR_SKIPPED (folded into 3-3)","see 3-3 row","admin-frontend/src/pages/Venue/VenueSettingsPage.tsx","see 3-3 row","E3","none — intentional cross-reference","none","no separate action needed"
"E10-S8","E10","Daily Email Settings — extract /admin/daily-email into Admin Dashboard","epics.md","no","no","not tracked","NOT_STARTED (settings page) / COMPONENT_COMPLETE (route removal, see 5-9)","STATIC_SOURCE_INSPECTION","customer-frontend/src/App.jsx (route already absent, see 5-9); no admin-side daily-email settings page found in admin-frontend/src/pages/settings","none","E5-S9","Dead file (AdminDailyEmail.jsx) not deleted; no admin-side replacement settings page built","none","File cleanup story: delete dead file + build real settings page if daily email is still required"
"E11-S1","E11","Sales report API — daily/weekly/monthly revenue, order count, AOV","epics.md","no","no","not tracked","NOT_STARTED","DOCUMENTATION_ONLY","backend/src/reporting/reporting.module.ts — COMPLETELY EMPTY STUB (imports:[], controllers:[], providers:[])","none","E6,E10","No controller/service/query exists at all","none","File a real story; do not build on top of the mock UI"
"E11-S2","E11","Top items report — top 10 items by quantity for date range","epics.md","no","no","not tracked","NOT_STARTED","DOCUMENTATION_ONLY","none (same empty reporting module)","none","E6","same","none","Combine with E11-S1 into one bounded API story"
"E11-S3","E11","Reservation report — covers by date, no-show rate","epics.md","no","no","not tracked","NOT_STARTED","DOCUMENTATION_ONLY","none","none","E5","same","none","As above"
"E11-S4","E11","Admin Dashboard — Reports page with date picker and chart (Recharts)","epics.md","no","no","not tracked","PROTOTYPE_OR_MOCK_ONLY","STATIC_SOURCE_INSPECTION","admin-frontend/src/pages/reports/{ReportsPage.tsx,ReportBuilder.tsx,InsightsPanel.tsx,DrillDownDrawer.tsx,AdvancedFiltersPanel.tsx}, mockData.ts — 1646-line ReportsPage.tsx fully driven by local mockData module, simulated live-refresh via setInterval, simulateError/simulateSlowLoad toggles baked into the UI itself","none found","E11-S1..S3 (not built)","Fully mock-data-driven UI with simulated errors/latency; zero backend network call anywhere","backend API doesn't exist","Do not present as functional; gate behind a 'demo' label or build the real API first"
"E11-S5","E11","CSV export for all report types","epics.md","no","no","not tracked","PROTOTYPE_OR_MOCK_ONLY","STATIC_SOURCE_INSPECTION","ReportsPage.tsx:309-323 (handleTriggerExport)","none","E11-S1..S4","Exports a hardcoded 2-line placeholder CSV, not real data","none","Rebuild once real report data exists"
"E12-S1","E12","Menu Display Kiosk at /display — category/item display, 60s auto-refresh","epics.md","no","no","not tracked","PARTIALLY_COMPLETE","STATIC_SOURCE_INSPECTION","kiosk-frontend/src/pages/KioskWindowSignagePage.tsx (default '/' route, not literally '/display' — real playlist/rotation engine: menu items, promotions, videos, QR, reads shared/kiosk/kioskConfig.mjs)","none found","E4,E6,E7","Real rotation engine exists; route path differs from epics.md spec; no executed test evidence; unclear if admin publisher round-trips live","none identified","File a story documenting actual behavior + add tests; reconcile route-path with epics.md"
"E12-S2","E12","Service Worker caching for menu display (offline fallback)","epics.md","no","no","not tracked","UNCLEAR","STATIC_SOURCE_INSPECTION","not directly checked this pass","none","E12-S1","No explicit service-worker file found in this pass, not confirmed absent either","none","Verify with a targeted search before assuming absent"
"E12-S3","E12","Promotional banner — admin configures Today's Special","epics.md","no","no","not tracked","PARTIALLY_COMPLETE","STATIC_SOURCE_INSPECTION","KioskWindowSignagePage.tsx (Promotion interface, promos, rotatePromos, priority-sorted rendering)","none found","E12-S1","Real data model + rendering present; admin-side authoring round-trip not verified this pass","none","Verify admin-frontend KioskWindowManagementPage.tsx actually publishes promos end-to-end"
"E12-S4","E12","Kiosk mode hardening — fullscreen, disable right-click/shortcuts","epics.md","no","no","not tracked","PARTIALLY_COMPLETE","STATIC_SOURCE_INSPECTION","kiosk-frontend/src/components/KioskFullscreenShell.tsx, hooks/useFullscreen.ts, lib/fullscreen.ts","none found","E12-S1","Fullscreen/contextmenu handling present per grep, not read in full; keyboard-shortcut disabling not independently confirmed","none","Read the three files in full before upgrading to VERIFIED_COMPLETE"
"E12-S5","E12","Staff PIN management overlay on kiosk (reboot/clear cart/return to menu)","epics.md","no","no","not tracked","COMPONENT_COMPLETE (adjacent, narrower scope)","STATIC_SOURCE_INSPECTION","kiosk-frontend/src/components/KdsPinGate.tsx (gates /kds and tablet order page)","none found","E2,E7","PIN gate exists and is wired for KDS; whether it also covers 'reboot display/clear cart' overlay per full E12-S5 scope is unverified","none","Confirm scope match; likely satisfies a narrower slice than the full story"
"E12-S6","E12","Kiosk device registration (venueId + type config stored locally)","epics.md","no","no","not tracked","UNCLEAR","STATIC_SOURCE_INSPECTION","shared/kiosk/kioskConfig.mjs (cookie-based published-config + revision, not obviously a formal per-device registration record)","none","1-1,3-1","Config delivery exists; a real per-device venueId+type registration model not confirmed","none","Read kioskConfig.mjs and kiosk.store.ts fully before classifying"
"E13-S1","E13","Security headers (Helmet.js-equivalent) — CSP, HSTS, X-Frame-Options","epics.md","no","no","not tracked","VERIFIED_COMPLETE","STATIC_SOURCE_INSPECTION","backend/src/common/middleware/security-headers.middleware.ts (CSP/HSTS/X-Frame-Options/X-Content-Type-Options/Referrer-Policy); wired globally in app.module.ts (forRoutes *path ALL)","none found (no spec file for this middleware)","1-1","No automated test asserting header presence","none","File the story retroactively to close the tracker gap; add a header-presence integration test"
"E13-S2","E13","CORS whitelist — only known origins","epics.md","no","no","not tracked","VERIFIED_COMPLETE","STATIC_SOURCE_INSPECTION","backend/src/main.ts:113-120 (explicit allowedOrigins check, credentials:true only for matched origins)","none found","1-1","No automated test for rejected-origin case","none","Add rejected-origin integration test"
"E13-S3","E13","Input validation audit — class-validator decorators on all DTOs","epics.md","no","no","not tracked","COMPONENT_COMPLETE","STATIC_SOURCE_INSPECTION","backend/src/menu/dto/create-menu-item.dto.ts, orders/dto/create-order.dto.ts spot-checked (fully decorated); global ValidationPipe({whitelist:true, transform:true}) in main.ts:122","existing per-module specs indirectly exercise DTOs","1-1","Only 2 of ~15+ DTO files spot-checked; not every DTO file inspected","none","Full DTO sweep before calling epic-wide complete"
"E13-S4","E13","Media upload security — magic-byte file type validation, 10MB limit","epics.md","no","no","not tracked","PARTIALLY_COMPLETE","STATIC_SOURCE_INSPECTION","backend/src/media/media.service.ts:11-16,42-49 — validates CLIENT-DECLARED multer mimetype only, never inspects actual file-signature bytes; path-traversal protection (KEY_PATTERN regex + root-prefix check) is real and separate","backend/src/media/media.service.spec.ts","1-1","Magic-byte/content-sniffing validation missing — an attacker can label arbitrary bytes with an allowed Content-Type and pass","none","Add real magic-byte check (e.g. file-type package) before upload is trusted for production"
"E13-S5","E13","Secret rotation procedure documented; no committed .env","epics.md","no","no","not tracked","NOT_STARTED","DOCUMENTATION_ONLY","none found (no SECRETS.md/rotation doc)","none","none","docker-compose.yml still ships plaintext insecure default secrets via ${VAR:-default} fallbacks (same P1 gap already in deferred-work.md, confirmed still present)","none","Write the procedure; fix docker-compose.yml's insecure defaults"
"E13-S6","E13","Dependency audit (npm audit) — resolve critical/high CVEs","epics.md","no","no","not tracked","NOT_STARTED","DOCUMENTATION_ONLY","not run this session (contacts external npm registry — declined per this session's no-external-contact scope); no prior audit report artifact found in repo","none","none","Never run; no evidence either way on CVE status","requires a session explicitly permitted to contact npm's registry","Run npm audit in an appropriately scoped session"
"E13-S7","E13","Rate limiting on all public endpoints (not just auth)","epics.md","no","no","not tracked","PARTIALLY_COMPLETE","STATIC_SOURCE_INSPECTION","RateLimitGuard applied in auth.controller.ts, kds-auth.controller.ts, public-reservations.controller.ts, kiosk.controller.ts, orders.controller.ts — broader coverage than deferred-work.md implied","backend/src/auth/guards/rate-limit.guard.spec.ts","2-5","menu/categories/tables GET endpoints not verified for rate-limit coverage","none","Verify remaining public GET endpoints before calling epic-wide complete"
"E13-S8","E13","Penetration test checklist (OWASP Top 10 self-assessment)","epics.md","no","no","not tracked","NOT_STARTED","DOCUMENTATION_ONLY","none found","none","all epics","No such document exists","none","Write checklist once P0 truthfulness/idempotency work stabilizes"
"(un-epiced)","none","Order Tablet feature (OrderTabletPage + tablet-frontend workspace)","none — not named in any epics.md epic at all","no","no","not tracked","COMPONENT_COMPLETE","STATIC_SOURCE_INSPECTION","admin-frontend/src/pages/order-tablet/OrderTabletPage.tsx; tablet-frontend/src/App.tsx (thin wrapper reusing admin-frontend's OrderTabletPage + KdsPinGate via @admin alias); root package.json workspaces include tablet-frontend","none found","E6, E7-S6 (KDS PIN gate)","An entire real, working workspace and feature (staff/customer ordering tablet, matching target-operating-model.md's VERDURA_STAFF_TABLET/VERDURA_CUSTOMER_TABLET order sources) exists with NO controlling epic or story anywhere in docs/epics.md","none","File a retroactive epic/story set for Order Tablet — this is a materially sized, real, unowned feature"
"(un-epiced)","none","Integration Tools admin page","none","no","no","not tracked","PROTOTYPE_OR_MOCK_ONLY (assumed by pattern; not independently re-verified this pass)","STATIC_SOURCE_INSPECTION (existence only)","admin-frontend/src/pages/integration-tools/IntegrationToolsPage.tsx","none","none","No epic or story covers 'Integration Tools' as a concept at all; deferred-work.md already flags it as having zero backend calls","none","File a retroactive story or remove the page if not a real product surface"
"(un-epiced)","none","Payments admin page","none","no","no","not tracked","PROTOTYPE_OR_MOCK_ONLY (per deferred-work.md, not independently re-verified this pass)","STATIC_SOURCE_INSPECTION (existence only)","admin-frontend/src/pages/payments/PaymentsPage.tsx","none","E5-S10, E6-S9","No epic covers a dedicated 'Payments' admin page; real Payment/reconciliation data model is only partially built (see E5-S10)","none","File a retroactive story once Payment backend logic exists"
"(un-epiced)","none","Inventory admin page","none in docs/epics.md — tracked instead via docs/superpowers/plans/2026-07-03-inventory-foundation.md (a parallel, non-BMAD planning system)","no","no","not tracked in sprint-status.yaml","UNCLEAR","STATIC_SOURCE_INSPECTION (existence only)","admin-frontend/src/pages/inventory/InventoryPage.tsx; docs/superpowers/plans/2026-07-03-inventory-foundation.md; docs/superpowers/specs/2026-07-02-inventory-foundation-design.md","none identified this pass","none","Inventory work is tracked via a completely separate planning artifact system (docs/superpowers/) that this audit's canonical sources (epics.md/sprint-status.yaml) do not reference at all — a dual-tracking-system gap, not just a missing story","none","Reconcile whether Inventory should be a formal BMAD epic or remain in the superpowers track; cross-link the two systems"
