C:\ProgramData\Verdura\rollback\pre-migration-20260902\config	protected=False	owner=DESKTOP-SOKKOQ7\Posmate	O:S-1-5-21-160777116-34683011-1598780446-1001G:S-1-5-21-160777116-34683011-1598780446-513D:AI(A;OICIID;FA;;;SY)(A;OICIID;FA;;;BA)(A;OICIID;FA;;;S-1-5-21-160777116-34683011-1598780446-1001)
C:\ProgramData\Verdura\rollback\pre-migration-20260902\hashes	protected=False	owner=DESKTOP-SOKKOQ7\Posmate	O:S-1-5-21-160777116-34683011-1598780446-1001G:S-1-5-21-160777116-34683011-1598780446-513D:AI(A;OICIID;FA;;;SY)(A;OICIID;FA;;;BA)(A;OICIID;FA;;;S-1-5-21-160777116-34683011-1598780446-1001)
C:\ProgramData\Verdura\rollback\pre-migration-20260902\registry	protected=False	owner=DESKTOP-SOKKOQ7\Posmate	O:S-1-5-21-160777116-34683011-1598780446-1001G:S-1-5-21-160777116-34683011-1598780446-513D:AI(A;OICIID;FA;;;SY)(A;OICIID;FA;;;BA)(A;OICIID;FA;;;S-1-5-21-160777116-34683011-1598780446-1001)
C:\ProgramData\Verdura\rollback\pre-migration-20260902\state	protected=False	owner=DESKTOP-SOKKOQ7\Posmate	O:S-1-5-21-160777116-34683011-1598780446-1001G:S-1-5-21-160777116-34683011-1598780446-513D:AI(A;OICIID;FA;;;SY)(A;OICIID;FA;;;BA)(A;OICIID;FA;;;S-1-5-21-160777116-34683011-1598780446-1001)
C:\ProgramData\Verdura\rollback\pre-migration-20260902\tasks	protected=False	owner=DESKTOP-SOKKOQ7\Posmate	O:S-1-5-21-160777116-34683011-1598780446-1001G:S-1-5-21-160777116-34683011-1598780446-513D:AI(A;OICIID;FA;;;SY)(A;OICIID;FA;;;BA)(A;OICIID;FA;;;S-1-5-21-160777116-34683011-1598780446-1001)
C:\ProgramData\Verdura\rollback\pre-migration-20260902\verdura_production_pre-migration_20260902.dump	protected=False	owner=BUILTIN\Administrators	O:BAG:S-1-5-21-160777116-34683011-1598780446-513D:AI(A;ID;FA;;;SY)(A;ID;FA;;;BA)(A;ID;FA;;;S-1-5-21-160777116-34683011-1598780446-1001)
C:\ProgramData\Verdura\rollback\pre-migration-20260902\config\bridge-api-key.txt	protected=False	owner=DESKTOP-SOKKOQ7\Posmate	O:S-1-5-21-160777116-34683011-1598780446-1001G:S-1-5-21-160777116-34683011-1598780446-513D:AI(A;ID;FA;;;SY)(A;ID;FA;;;BA)(A;ID;FA;;;S-1-5-21-160777116-34683011-1598780446-1001)
C:\ProgramData\Verdura\rollback\pre-migration-20260902\config\bridge-App.config	protected=False	owner=DESKTOP-SOKKOQ7\Posmate	O:S-1-5-21-160777116-34683011-1598780446-1001G:S-1-5-21-160777116-34683011-1598780446-513D:AI(A;ID;FA;;;SY)(A;ID;FA;;;BA)(A;ID;FA;;;S-1-5-21-160777116-34683011-1598780446-1001)
C:\ProgramData\Verdura\rollback\pre-migration-20260902\config\bridge-exe.config	protected=False	owner=DESKTOP-SOKKOQ7\Posmate	O:S-1-5-21-160777116-34683011-1598780446-1001G:S-1-5-21-160777116-34683011-1598780446-513D:AI(A;ID;FA;;;SY)(A;ID;FA;;;BA)(A;ID;FA;;;S-1-5-21-160777116-34683011-1598780446-1001)
C:\ProgramData\Verdura\rollback\pre-migration-20260902\config\connector-credential.txt	protected=False	owner=DESKTOP-SOKKOQ7\Posmate	O:S-1-5-21-160777116-34683011-1598780446-1001G:S-1-5-21-160777116-34683011-1598780446-513D:AI(A;ID;FA;;;SY)(A;ID;FA;;;BA)(A;ID;FA;;;S-1-5-21-160777116-34683011-1598780446-1001)
C:\ProgramData\Verdura\rollback\pre-migration-20260902\config\connector-discovery-profile.local.json	protected=False	owner=DESKTOP-SOKKOQ7\Posmate	O:S-1-5-21-160777116-34683011-1598780446-1001G:S-1-5-21-160777116-34683011-1598780446-513D:AI(A;ID;FA;;;SY)(A;ID;FA;;;BA)(A;ID;FA;;;S-1-5-21-160777116-34683011-1598780446-1001)
C:\ProgramData\Verdura\rollback\pre-migration-20260902\config\owner-token.txt	protected=False	owner=DESKTOP-SOKKOQ7\Posmate	O:S-1-5-21-160777116-34683011-1598780446-1001G:S-1-5-21-160777116-34683011-1598780446-513D:AI(A;ID;FA;;;SY)(A;ID;FA;;;BA)(A;ID;FA;;;S-1-5-21-160777116-34683011-1598780446-1001)
C:\ProgramData\Verdura\rollback\pre-migration-20260902\hashes\binaries.txt	protected=False	owner=DESKTOP-SOKKOQ7\Posmate	O:S-1-5-21-160777116-34683011-1598780446-1001G:S-1-5-21-160777116-34683011-1598780446-513D:AI(A;ID;FA;;;SY)(A;ID;FA;;;BA)(A;ID;FA;;;S-1-5-21-160777116-34683011-1598780446-1001)
C:\ProgramData\Verdura\rollback\pre-migration-20260902\hashes\git-status.txt	protected=False	owner=DESKTOP-SOKKOQ7\Posmate	O:S-1-5-21-160777116-34683011-1598780446-1001G:S-1-5-21-160777116-34683011-1598780446-513D:AI(A;ID;FA;;;SY)(A;ID;FA;;;BA)(A;ID;FA;;;S-1-5-21-160777116-34683011-1598780446-1001)
C:\ProgramData\Verdura\rollback\pre-migration-20260902\hashes\repo-HEAD.txt	protected=False	owner=DESKTOP-SOKKOQ7\Posmate	O:S-1-5-21-160777116-34683011-1598780446-1001G:S-1-5-21-160777116-34683011-1598780446-513D:AI(A;ID;FA;;;SY)(A;ID;FA;;;BA)(A;ID;FA;;;S-1-5-21-160777116-34683011-1598780446-1001)
C:\ProgramData\Verdura\rollback\pre-migration-20260902\registry\nssm-parameters.txt	protected=False	owner=BUILTIN\Administrators	O:BAG:S-1-5-21-160777116-34683011-1598780446-513D:AI(A;ID;FA;;;SY)(A;ID;FA;;;BA)(A;ID;FA;;;S-1-5-21-160777116-34683011-1598780446-1001)
C:\ProgramData\Verdura\rollback\pre-migration-20260902\registry\VerduraAdminConsole.reg	protected=False	owner=BUILTIN\Administrators	O:BAG:S-1-5-21-160777116-34683011-1598780446-513D:AI(A;ID;FA;;;SY)(A;ID;FA;;;BA)(A;ID;FA;;;S-1-5-21-160777116-34683011-1598780446-1001)
C:\ProgramData\Verdura\rollback\pre-migration-20260902\registry\VerduraAPI.reg	protected=False	owner=BUILTIN\Administrators	O:BAG:S-1-5-21-160777116-34683011-1598780446-513D:AI(A;ID;FA;;;SY)(A;ID;FA;;;BA)(A;ID;FA;;;S-1-5-21-160777116-34683011-1598780446-1001)
C:\ProgramData\Verdura\rollback\pre-migration-20260902\registry\VerduraConnector.reg	protected=False	owner=BUILTIN\Administrators	O:BAG:S-1-5-21-160777116-34683011-1598780446-513D:AI(A;ID;FA;;;SY)(A;ID;FA;;;BA)(A;ID;FA;;;S-1-5-21-160777116-34683011-1598780446-1001)
C:\ProgramData\Verdura\rollback\pre-migration-20260902\registry\VerduraCustomerWebsite.reg	protected=False	owner=BUILTIN\Administrators	O:BAG:S-1-5-21-160777116-34683011-1598780446-513D:AI(A;ID;FA;;;SY)(A;ID;FA;;;BA)(A;ID;FA;;;S-1-5-21-160777116-34683011-1598780446-1001)
C:\ProgramData\Verdura\rollback\pre-migration-20260902\registry\VerduraIdealposBridgeSvc.reg	protected=False	owner=BUILTIN\Administrators	O:BAG:S-1-5-21-160777116-34683011-1598780446-513D:AI(A;ID;FA;;;SY)(A;ID;FA;;;BA)(A;ID;FA;;;S-1-5-21-160777116-34683011-1598780446-1001)
C:\ProgramData\Verdura\rollback\pre-migration-20260902\registry\VerduraKitchenDisplay.reg	protected=False	owner=BUILTIN\Administrators	O:BAG:S-1-5-21-160777116-34683011-1598780446-513D:AI(A;ID;FA;;;SY)(A;ID;FA;;;BA)(A;ID;FA;;;S-1-5-21-160777116-34683011-1598780446-1001)
C:\ProgramData\Verdura\rollback\pre-migration-20260902\registry\VerduraOrderTablet.reg	protected=False	owner=BUILTIN\Administrators	O:BAG:S-1-5-21-160777116-34683011-1598780446-513D:AI(A;ID;FA;;;SY)(A;ID;FA;;;BA)(A;ID;FA;;;S-1-5-21-160777116-34683011-1598780446-1001)
C:\ProgramData\Verdura\rollback\pre-migration-20260902\registry\VerduraWindowDisplay.reg	protected=False	owner=BUILTIN\Administrators	O:BAG:S-1-5-21-160777116-34683011-1598780446-513D:AI(A;ID;FA;;;SY)(A;ID;FA;;;BA)(A;ID;FA;;;S-1-5-21-160777116-34683011-1598780446-1001)
C:\ProgramData\Verdura\rollback\pre-migration-20260902\state\bridge-logs	protected=False	owner=DESKTOP-SOKKOQ7\Posmate	O:S-1-5-21-160777116-34683011-1598780446-1001G:S-1-5-21-160777116-34683011-1598780446-513D:AI(A;OICIID;FA;;;SY)(A;OICIID;FA;;;BA)(A;OICIID;FA;;;S-1-5-21-160777116-34683011-1598780446-1001)
C:\ProgramData\Verdura\rollback\pre-migration-20260902\state\bridge-state.sqlite	protected=False	owner=DESKTOP-SOKKOQ7\Posmate	O:S-1-5-21-160777116-34683011-1598780446-1001G:S-1-5-21-160777116-34683011-1598780446-513D:AI(A;ID;FA;;;SY)(A;ID;FA;;;BA)(A;ID;FA;;;S-1-5-21-160777116-34683011-1598780446-1001)
C:\ProgramData\Verdura\rollback\pre-migration-20260902\state\state.sqlite.orphaned-20260824	protected=False	owner=DESKTOP-SOKKOQ7\Posmate	O:S-1-5-21-160777116-34683011-1598780446-1001G:S-1-5-21-160777116-34683011-1598780446-513D:AI(A;ID;FA;;;SY)(A;ID;FA;;;BA)(A;ID;FA;;;S-1-5-21-160777116-34683011-1598780446-1001)
C:\ProgramData\Verdura\rollback\pre-migration-20260902\state\tracer-store.jsonl	protected=False	owner=DESKTOP-SOKKOQ7\Posmate	O:S-1-5-21-160777116-34683011-1598780446-1001G:S-1-5-21-160777116-34683011-1598780446-513D:AI(A;ID;FA;;;SY)(A;ID;FA;;;BA)(A;ID;FA;;;S-1-5-21-160777116-34683011-1598780446-1001)
C:\ProgramData\Verdura\rollback\pre-migration-20260902\state\bridge-logs\bridge-2026-08-25.log	protected=False	owner=DESKTOP-SOKKOQ7\Posmate	O:S-1-5-21-160777116-34683011-1598780446-1001G:S-1-5-21-160777116-34683011-1598780446-513D:AI(A;ID;FA;;;SY)(A;ID;FA;;;BA)(A;ID;FA;;;S-1-5-21-160777116-34683011-1598780446-1001)
C:\ProgramData\Verdura\rollback\pre-migration-20260902\state\bridge-logs\bridge-2026-08-26.log	protected=False	owner=DESKTOP-SOKKOQ7\Posmate	O:S-1-5-21-160777116-34683011-1598780446-1001G:S-1-5-21-160777116-34683011-1598780446-513D:AI(A;ID;FA;;;SY)(A;ID;FA;;;BA)(A;ID;FA;;;S-1-5-21-160777116-34683011-1598780446-1001)
C:\ProgramData\Verdura\rollback\pre-migration-20260902\state\bridge-logs\bridge-2026-08-27.log	protected=False	owner=DESKTOP-SOKKOQ7\Posmate	O:S-1-5-21-160777116-34683011-1598780446-1001G:S-1-5-21-160777116-34683011-1598780446-513D:AI(A;ID;FA;;;SY)(A;ID;FA;;;BA)(A;ID;FA;;;S-1-5-21-160777116-34683011-1598780446-1001)
C:\ProgramData\Verdura\rollback\pre-migration-20260902\state\bridge-logs\bridge-2026-08-28.log	protected=False	owner=DESKTOP-SOKKOQ7\Posmate	O:S-1-5-21-160777116-34683011-1598780446-1001G:S-1-5-21-160777116-34683011-1598780446-513D:AI(A;ID;FA;;;SY)(A;ID;FA;;;BA)(A;ID;FA;;;S-1-5-21-160777116-34683011-1598780446-1001)
C:\ProgramData\Verdura\rollback\pre-migration-20260902\state\bridge-logs\bridge-2026-08-30.log	protected=False	owner=DESKTOP-SOKKOQ7\Posmate	O:S-1-5-21-160777116-34683011-1598780446-1001G:S-1-5-21-160777116-34683011-1598780446-513D:AI(A;ID;FA;;;SY)(A;ID;FA;;;BA)(A;ID;FA;;;S-1-5-21-160777116-34683011-1598780446-1001)
C:\ProgramData\Verdura\rollback\pre-migration-20260902\state\bridge-logs\bridge-2026-08-31.log	protected=False	owner=DESKTOP-SOKKOQ7\Posmate	O:S-1-5-21-160777116-34683011-1598780446-1001G:S-1-5-21-160777116-34683011-1598780446-513D:AI(A;ID;FA;;;SY)(A;ID;FA;;;BA)(A;ID;FA;;;S-1-5-21-160777116-34683011-1598780446-1001)
C:\ProgramData\Verdura\rollback\pre-migration-20260902\state\bridge-logs\bridge-2026-09-01.log	protected=False	owner=DESKTOP-SOKKOQ7\Posmate	O:S-1-5-21-160777116-34683011-1598780446-1001G:S-1-5-21-160777116-34683011-1598780446-513D:AI(A;ID;FA;;;SY)(A;ID;FA;;;BA)(A;ID;FA;;;S-1-5-21-160777116-34683011-1598780446-1001)
C:\ProgramData\Verdura\rollback\pre-migration-20260902\tasks\Verdura-Redis-Startup.xml	protected=False	owner=BUILTIN\Administrators	O:BAG:S-1-5-21-160777116-34683011-1598780446-513D:AI(A;ID;FA;;;SY)(A;ID;FA;;;BA)(A;ID;FA;;;S-1-5-21-160777116-34683011-1598780446-1001)
C:\ProgramData\Verdura\rollback\pre-migration-20260902\tasks\Verdura-Window-Display.xml	protected=False	owner=BUILTIN\Administrators	O:BAG:S-1-5-21-160777116-34683011-1598780446-513D:AI(A;ID;FA;;;SY)(A;ID;FA;;;BA)(A;ID;FA;;;S-1-5-21-160777116-34683011-1598780446-1001)
C:\ProgramData\Verdura\rollback\pre-migration-20260902\tasks\VerduraPostgresBackup.xml	protected=False	owner=BUILTIN\Administrators	O:BAG:S-1-5-21-160777116-34683011-1598780446-513D:AI(A;ID;FA;;;SY)(A;ID;FA;;;BA)(A;ID;FA;;;S-1-5-21-160777116-34683011-1598780446-1001)
